热词,数量
中国,61
真的,58
视频,47
微博,45
孩子,42
近日,39
网友,38
发现,35
喜欢,35
计划,34
超话,32
辟谣,32
发布,30
感觉,30
时间,30
南京,29
山东,28
朋友,28
手机,27
星座,24
短剧,24
关注,24
工作,23
夏天,23
简单,23
美国,22
分享,22
男子,22
现场,22
青岛大学,22
世界,22
记者,21
谣言,20
引发,20
好吃,19
老头,19
生活,19
发生,19
城市,18
学生,18
回应,18
第一次,17
人员,17
动作,17
公司,17
东西,17
网络,17
女子,17
一梦,17
银行,16
导弹,16
老师,16
健身,16
身体,16
可爱,16
周末,15
航母,15
活动,15
日本,15
警方,15
这是,15
女生,15
毛主席,14
演唱会,14
奔跑,14
收藏,14
允悲,14
调查,14
直播,14
拒绝,14
国家,14
联合,14
告诉,14
宿管,13
体验,13
旅行,13
原因,13
不到,13
感谢,13
doge,13
信息,13
暑假,13
平台,13
cry,13
荔枝,13
发展,13
一位,13
传播,12
离世,12
晚上,12
相关,12
夏日,12
好多,12
第一,12
有人,12
健康,12
北京,12
印度,12
人生,12
父母,12
亿元,12
学习,12
医院,12
当地,11
社会,11
热点,11
学校,11
加油,11
巡游,11
日常,11
广东,11
看着,11
电影,11
思考,11
努力,11
历史,11
两个,11
报道,11
开心,11
一年,11
田栩宁,10
加沙,10
一家,10
一名,10
labubu,10
医生,10
农业,10
内部,10
家人,10
终于,10
员工,10
介绍,10
一场,10
苹果,10
女士,10
超级,10
空调,10
减肥,10
生产,10
宝宝,10
婚礼,10
万元,10
杭州,10
妈妈,10
工作人员,10
事件,10
女性,10
文化,10
一种,10
男性,10
以色列,10
安排,10
一口,10
韦东,9
科普,9
苏超,9
通知,9
官方,9
案件,9
超过,9
房子,9
小米,9
越来越,9
这次,9
游客,9
高温,9
跟着,9
希望,9
身份,9
入口,9
成绩,9
好看,9
组织,9
浙江,9
书卷,9
西瓜,9
样子,9
青春,9
流量,9
舞蹈,9
科技,9
死亡,9
漂亮,9
江苏,9
幸福,9
支持,9
通报,9
苦涩,9
永远,9
部门,9
去世,9
眼睛,9
宿舍,9
名字,8
作揖,8
衣服,8
工程,8
选择,8
好物,8
一句,8
教程,8
股票,8
互联网,8
少年,8
适合,8
英雄,8
十二,8
成都,8
评论,8
单位,8
榕江,8
快乐,8
捐赠,8
方法,8
扶持,8
瞬间,8
三个,8
推进,8
作品,8
偶遇,8
方式,8
凌晨,8
亲密,8
鹿晗,8
美食,8
主动,8
几天,8
真实,8
监督,8
衰老,8
下午,8
关系,8
王者,8
透光,8
分钟,8
报告,8
小时,8
造谣,8
微博去,8
专家,8
常州,8
设计,8
军人,7
理解,7
质疑,7
知识,7
派对,7
太太,7
指南,7
华为,7
假扮,7
颜值,7
舒服,7
服务,7
鲜花,7
流浪,7
传承,7
消息,7
旅行家,7
机制,7
网上,7
法律,7
经济,7
来到,7
对方,7
演员,7
vlog,7
平时,7
几个,7
网传,7
颜色,7
显示,7
今日,7
基金,7
花花,7
仿佛,7
社交,7
女人,7
重点,7
时代,7
一枚,7
番茄,7
多年,7
儿童,7
土地,7
推动,7
采购,7
粉丝,7
冬瓜,7
身上,7
精神,7
拍摄,7
多名,7
新疆,7
期待,7
教育,7
拍照,7
爸爸,7
啊啊啊,7
云南,7
老公,7
接受,7
跨域,7
充电,7
未来,7
成员,7
技巧,7
外卖,7
上午,7
找到,7
种植,7
主任,7
提供,7
机场,7
能力,7
孙颖莎,7
未成年人,7
殉葬,7
此前,6
独库,6
小伙,6
公积金,6
施工,6
肚子,6
错误,6
广西,6
情况,6
鼓励,6
食物,6
天津,6
运动,6
完善,6
建议,6
结婚,6
辽宁,6
巴基斯坦,6
鸟巢,6
千金,6
老人,6
期间,6
研究,6
白天,6
同学,6
厉害,6
记录,6
加速,6
大爷,6
火锅,6
图片,6
总理,6
土象,6
人士,6
挑战,6
不用,6
村民,6
信号,6
来自,6
停火,6
一张,6
编队,6
闭眼,6
长期,6
全身,6
登上,6
爷爷,6
修复,6
透露,6
体现,6
影像,6
领域,6
提前,6
手工,6
天天,6
一点,6
女儿,6
奶瓶,6
泰国,6
震撼,6
特朗普,6
领导,6
张本,6
助力,6
制作,6
面部,6
cos,6
博物馆,6
会议,6
不行,6
奖励,6
隐患,6
AI,6
力量,6
可怜,6
做法,6
风险,6
慢慢,6
舞台,6
音乐,6
明白,6
来源,6
新鲜,6
男友,6
全国,6
睡眠,6
不幸,6
楼市,6
状态,6
改变,6
取消,6
实在,6
鸡蛋,6
致敬,6
海军,6
疯狂,6
训练,6
地方,6
路上,6
生意,6
嘻嘻,6
环境,6
十四五,6
昨天,6
完整版,6
狮子座,6
操作,6
中式,6
薄到,6
面对,6
贵州,6
小狗,6
一人,6
家族,6
男孩,6
账号,6
清凉,6
党组,6
千年,6
离婚,6
我国,6
年前,6
司机,6
大学生,6
事情,6
包括,6
小小,5
发型,5
车祸,5
角色,5
生长,5
隐藏,5
一生,5
冰块,5
公益,5
调研,5
跳舞,5
黄瓜,5
基数,5
记忆,5
一段,5
表现,5
价值,5
板块,5
不错,5
持续,5
江宁,5
首富,5
公式,5
完整,5
人民检察院,5
射手座,5
危险,5
物资,5
筷子,5
婴儿,5
中心,5
参与,5
赶紧,5
平湖,5
提醒,5
水平,5
建设,5
发言,5
获悉,5
艺术,5
抵达,5
家属,5
口感,5
彩票,5
海边,5
试试,5
意见,5
没想到,5
智慧,5
政法委,5
中央,5
公路,5
善良,5
合同,5
检察,5
食品安全,5
不好,5
干净,5
带来,5
行李,5
循环,5
实力,5
某某,5
凉好,5
做好,5
烦恼,5
上海,5
还要,5
睡觉,5
海王,5
科目,5
智能,5
点赞,5
更好,5
中学,5
作战,5
恢复,5
贡献,5
小心,5
基地,5
一款,5
快速,5
公里,5
成功,5
画面,5
更是,5
提出,5
这位,5
颠覆,5
房价,5
一块,5
停不下来,5
项目,5
标准,5
书记,5
大自然,5
听说,5
开启,5
吃惊,5
欣悦,5
洪灾,5
精神状态,5
景区,5
父亲,5
呼吸,5
常态,5
尝鲜,5
大叔,5
患者,5
红星,5
河南,5
基础,5
技术,5
导致,5
豪宅,5
家庭,5
发射,5
新建,5
推荐,5
印象,5
股份,5
就业,5
沉浸,5
省委,5
特别,5
全场,5
尹锡悦,5
折叠,5
咖啡,5
重生,5
公安局,5
影响,5
比赛,5
截瘫,5
规划,5
唯一,5
手臂,5
截图,5
近期,5
估计,5
地震,5
成交,5
拉扯,5
自信,5
保护,5
区域,5
作用,5
背后,5
感受,5
皮肤,5
一只,5
缴存,5
荐见,5
还会,5
强占,5
一笔,5
穿越,5
这款,5
针对,5
尴尬,5
一半,5
经营,5
放假,5
涉事,5
重建,5
四川,5
天蝎座,5
家里,5
屏幕,5
塑形,5
年轻,5
姐姐,5
家长,5
重庆,5
打开,5
牛肉干,5
好好,5
小猫,5
美味,5
外面,4
假期,4
甜度,4
校方,4
天蝎,4
被判,4
千余,4
邻居,4
丈夫,4
米饭,4
一支,4
集团,4
拯救,4
数学,4
烟台,4
害怕,4
当天,4
谢娜,4
确实,4
杨少华,4
一件,4
演技,4
校花,4
协议,4
解压,4
哈哈哈,4
goodgoodgood,4
个股,4
空气,4
处罚法,4
女孩,4
法治,4
蚊子,4
成本,4
伊朗,4
温暖,4
生前,4
桂味,4
体重,4
居民,4
森林,4
动态,4
春游,4
心态,4
曝光,4
兴趣,4
玉米,4
大哥,4
世纪,4
耳朵,4
清甜,4
大道,4
包装,4
七七事变,4
业主,4
治安管理,4
暴力,4
iPhone,4
理想,4
毛茸茸,4
融合,4
割草,4
镜头,4
球队,4
大奖,4
江西,4
七分裤,4
奶奶,4
防空,4
眼泪,4
健全,4
只会,4
降温,4
日前,4
骨盆,4
聊天,4
祁煜,4
核实,4
公示,4
麻花,4
大赛,4
兄弟,4
刚刚,4
最新,4
冲浪,4
星星,4
祈愿,4
计算,4
自由,4
这段,4
检测,4
意外,4
公布,4
展示,4
做成,4
相约,4
组合,4
小鸡,4
五年,4
白鹿,4
官兵,4
好喝,4
综合,4
值得,4
天津市,4
犯罪,4
蓟州,4
浪漫,4
观点,4
非洲,4
交易,4
建筑,4
三大,4
会员,4
自带,4
下雨,4
检察官,4
确认,4
深夜,4
假装,4
百科,4
纪录片,4
信心,4
觉醒,4
声音,4
细节,4
双手,4
轻松,4
随意,4
考试,4
剖腹产,4
姐妹,4
摄影,4
角度,4
那种,4
此次,4
男扮女装,4
高端,4
零食,4
美团,4
资本,4
赛里木湖,4
打工,4
分局,4
救生圈,4
剧本,4
高手,4
昨晚,4
佳佳,4
味道,4
女装,4
法院,4
打卡,4
等待,4
经典,4
出门,4
第一个,4
明星,4
预言,4
媒体,4
提升,4
巨蟹座,4
中行,4
只能,4
富豪,4
投资,4
多个,4
清华,4
赞助商,4
妹妹,4
球迷,4
习近平,4
含金量,4
内幕,4
雷军,4
面子,4
反复,4
水果,4
罗马,4
保温箱,4
半年,4
深空,4
总部,4
系列,4
更新,4
确诊,4
白羊座,4
玩儿,4
主打,4
展轩,4
前往,4
就要,4
VS,4
男童,4
升级,4
清理,4
牺牲,4
修订,4
场面,4
伟人,4
校区,4
诈骗,4
单身,4
罗永浩,4
新手,4
优酷,4
事故,4
分子,4
广州,4
过度,4
同事,4
生命,4
食品,4
聊斋,4
篮球,4
分析,4
办法,4
杨幂,4
课题,4
牛肉,4
孔子像,4
程度,4
留下,4
务实,4
印发,4
采访,4
等于,4
二哈,4
李宇春,4
情绪,4
草原,4
越剧,4
排名,4
下床,4
汗水,4
价格,4
悼念,4
精彩,4
面前,4
帮扶,4
打击,4
唐嫣,4
律师,4
迁址,4
丫丫,4
突发,4
黄金,4
调整,4
机构,4
系统,4
事项,4
公安部,4
违反,4
观看,4
出发,4
球员,4
故事,4
身边,4
节点,4
充满,4
几分,4
困难,4
孟子,4
营养,4
模式,4
夸大,4
救助,4
说话,4
网民,4
友好,4
降薪,4
方向,4
喜剧,4
国产,4
果肉,4
解决,4
品种,4
公开,4
对比,4
年轻人,4
介入,4
农田,4
藏海传,4
饮料,4
预测,4
领导人,4
话筒,4
家中,4
全是,4
担心,4
上演,4
网信,4
并未,4
浮山,4
瑜伽,4
现役,4
团队,4
墓穴,4
羊水,4
医保,4
这才,4
装修,4
航空母舰,4
代表,4
男女,3
部队,3
一周,3
合作,3
权谋,3
编辑,3
豪车,3
中医医院,3
一夜之间,3
摄像头,3
香辣,3
边界,3
保障,3
壁纸,3
玛雅,3
牙齿,3
灵魂,3
居间,3
围观,3
即时,3
欣赏,3
手势,3
篮团,3
在意,3
来说,3
人民政府,3
工程师,3
鲈鱼,3
十年,3
被害人,3
HIV,3
椅子,3
夫妻,3
初步,3
日晚,3
流浪狗,3
讨论,3
天赋,3
黄油,3
偷拍,3
塑料,3
古装剧,3
王众鑫,3
四大,3
担责,3
功能,3
神仙,3
公主,3
简称,3
密码,3
睡前,3
纠缠,3
太狠,3
瑕疵,3
八路军,3
泄露,3
设定,3
演出,3
一路,3
大小,3
监测,3
海报,3
早上,3
螺旋,3
新娘,3
接到,3
孕妇,3
湿透,3
作出,3
道歉,3
西安市,3
稻谷,3
内耗,3
双子座,3
检察院,3
正义,3
国务院办公厅,3
大部分,3
改革,3
牡丹,3
负责人,3
描绘,3
电话,3
无效,3
女王,3
里加,3
过户,3
苏超游,3
女主,3
总会,3
特色,3
淋漓尽致,3
携带,3
这件,3
少女,3
街上,3
一套,3
牢房,3
最终,3
在手,3
附体,3
洪水,3
两名,3
蒙古,3
货车,3
市场监管,3
到手,3
支行,3
暴雷,3
日记,3
发热,3
逝者,3
涨停,3
文物,3
记住,3
陕西省,3
差点,3
电池,3
中餐厅,3
青年,3
一辈子,3
报警,3
害羞,3
雄安,3
落实,3
古城,3
阳性,3
百万,3
签绘,3
上半年,3
结束,3
表情,3
锁定,3
几秒,3
展开,3
产品,3
嫌疑人,3
电视剧,3
日报,3
草莓,3
一台,3
小朋友,3
帝王,3
三分,3
房东,3
关心,3
缅北,3
几年,3
地点,3
影后,3
中共,3
洋葱,3
经济总量,3
照料,3
原切,3
食材,3
原创,3
废除,3
总统,3
不耐烦,3
棉花,3
变化,3
闺蜜,3
花圈,3
高质量,3
记仇,3
大唐,3
TA,3
挖掘机,3
品味,3
河边,3
距离,3
解读,3
网站,3
救护车,3
慈善,3
威武,3
即可,3
资产,3
公安机关,3
灯光,3
开封,3
一抱,3
章子怡,3
兔子,3
激励,3
高考,3
古代,3
老年,3
恶意,3
凤梨,3
层层,3
错过,3
卫生保健,3
机关,3
手段,3
裂开,3
甜甜的,3
照顾,3
改造,3
照片,3
电视台,3
一期,3
创作,3
幼儿,3
没用,3
整体,3
习惯,3
检验,3
虾仁,3
新闻,3
袭击,3
贝岛,3
心动,3
一群,3
情感,3
王楚,3
算是,3
打磨,3
给力,3
岁月,3
谷物,3
富川,3
千万,3
你好,3
谐音,3
性行为,3
蜡烛,3
人前,3
人民币,3
人才,3
丢失,3
孙燕姿,3
唯有,3
德云社,3
一把,3
隐形,3
流动,3
两天,3
特斯拉,3
魔卡,3
铁丝,3
冲动,3
再也,3
群众,3
万亿,3
养生,3
配合,3
教练,3
一看,3
剧烈运动,3
顶流,3
形象,3
敏感,3
学会,3
事业,3
出手,3
精准,3
揭秘,3
博士,3
实则,3
清华大学,3
有时候,3
太多,3
科兴,3
后宫,3
认知,3
全世界,3
有趣,3
想到,3
传统,3
亿亩,3
初代,3
审理,3
赋形,3
光明,3
增加,3
救灾,3
后勤,3
屁股,3
这一,3
亏损,3
整理,3
猴票,3
魔芋,3
五六,3
一碗,3
下周,3
老板,3
冲突,3
发帖,3
眼镜,3
综艺,3
脚下,3
阿尔巴尼亚,3
神铸,3
物业,3
超绝,3
手作,3
开出,3
政客,3
郑栅洁,3
秘密,3
村庄,3
顶级,3
提起公诉,3
头部,3
这名,3
梦幻,3
小姐姐,3
位置,3
老实,3
代表大会,3
赞赞赞,3
民族,3
五个,3
绿色,3
俄罗斯,3
自律,3
院士,3
白色,3
美学,3
腹黑,3
车主,3
call,3
孙权,3
亿美元,3
盲盒,3
崩溃,3
盛夏,3
抽象,3
吹哨,3
小区,3
十几年,3
散户,3
微笑,3
扬州,3
邀请,3
巷道,3
一篇,3
乡村,3
两种,3
披露,3
李某,3
参考,3
多地,3
厕所,3
中华人民共和国,3
散养,3
观众,3
人民法院,3
三年,3
颜料,3
人数,3
下班,3
炒房客,3
播种,3
新闻记者,3
法国,3
决战,3
器官,3
栓塞,3
所有人,3
泡泡,3
为啥,3
尊重,3
不想,3
肉质,3
一步,3
正经,3
应激,3
哈马斯,3
一秒,3
高标准,3
家具,3
内在,3
姿势,3
白所成,3
星光,3
产量,3
主人,3
恋爱,3
回归,3
运动员,3
发布会,3
气象,3
矿物,3
生物,3
还好,3
没什么,3
苏州高新区,3
美好,3
变老,3
重要讲话,3
制造,3
汽车,3
化学,3
享受,3
扎发,3
看牙,3
实际上,3
弟弟,3
赛事,3
企业,3
队友,3
宁德,3
人类,3
报销,3
极限,3
看似,3
气象局,3
依据,3
放弃,3
应对,3
主持,3
黑恶势力,3
接生,3
暴雨,3
婚后,3
张凌赫,3
听雨轩,3
无人,3
好奇,3
奶茶,3
年龄,3
追星,3
不离,3
自然,3
过程,3
社区,3
幕后,3
优雅,3
鱼塘,3
分红,3
管理,3
机器,3
县城,3
侦办,3
菌子,3
哈哈哈哈,3
原味,3
脱口秀,3
日托,3
甜蜜,3
用户,3
配料表,3
狮子,3
凉茶,3
身材,3
元建,3
学霸,3
营销,3
我能,3
不住,3
最美,3
武器,3
从业人员,3
减脂餐,3
发挥,3
考场,3
奇迹,3
伤口,3
主导,3
雪山,3
建设工程,3
超标,3
骑手,3
聊一聊,3
肯定,3
单膝,3
沉淀,3
深圳市,3
预计,3
香港,3
上车,3
总书记,3
太美,3
Angelababy,3
神秘,3
餐具,3
听到,3
总局,3
走路,3
ootd,3
贯彻,3
涨停板,3
残疾,3
想象,3
讨厌,3
建立,3
熬夜,3
南珩,3
地上,3
人后,3
媒体报道,3
放松,3
同志,3
反差,3
招标,3
乘组,3
NPC,3
场景,3
万股,3
意识,3
稳定,3
必看,3
见证,3
娱乐,3
高级,3
第三,3
身着,3
旅游,3
收到,3
大乐透,3
杯子,3
闯入,3
收养,3
指数,3
四个,3
七分,3
摔倒,3
灾后,3
馆之宝,3
红色,3
战斗机,3
子女,3
蔡依林,3
经历,3
三种,3
心理,3
跟练,3
命运,3
暂时,3
人心,3
每日,3
火象,3
东莞,3
增长,3
万物,3
不愧,3
农民,3
也门,3
临时,3
尾盘,3
消失,3
飞机,3
想要,3
风景,3
教科书,3
内容,3
不吃,3
振兴,3
舰艇,3
联动,3
强制,3
质感,3
哈罗,3
庄周,3
设备,3
刑事,3
最佳,3
伤人,3
拥有,3
数量,3
冰箱,3
长相,3
治愈,3
被迫,3
青苹果,3
财产,3
二十,3
奔赴,3
广东省,3
闪婚,3
进一步,3
一瞬间,3
核心,3
好像,3
九霄,3
案例,3
吵架,3
虞书欣,3
检查,2
惊艳,2
年来,2
帅气,2
十一年,2
宝贝,2
成果,2
异物,2
迟到,2
wink,2
铅中毒,2
狭隘,2
仪式,2
至少,2
看点,2
单人,2
A股,2
订书,2
绘画,2
发明,2
速递,2
劳斯莱斯,2
首发,2
无间,2
就诊,2
清爽,2
淮北市,2
产妇,2
最长,2
抗战,2
回去,2
天瘦,2
文字,2
格子,2
八个,2
百亿,2
旅行者,2
离职,2
记微博,2
竞争,2
第二次,2
太阳,2
语言,2
教学,2
出租房,2
思想,2
天然,2
时尚,2
路过,2
上涨,2
惊心动魄,2
卢沟桥,2
青铜,2
终止,2
尽力,2
宣传,2
广陵,2
这时候,2
脆到,2
厚实,2
写道,2
保护法,2
达标,2
大盘,2
依旧,2
吴磊,2
日子,2
回忆,2
珍贵,2
小腹,2
卷发,2
偷换,2
一线,2
手金,2
新婚,2
男单,2
市场,2
竟是,2
溪河,2
请问,2
订婚,2
剩下,2
万救,2
极致,2
规则,2
刑拘,2
公厕,2
派驻,2
任正非,2
京都,2
最该,2
力度,2
出征,2
关晓彤,2
决赛,2
随时,2
刻薄,2
震惊,2
动画,2
自主,2
一下子,2
挑食,2
追究,2
深刻,2
奋力,2
教育局,2
山地,2
东风,2
外省,2
花生米,2
压力,2
平替,2
目录,2
均衡,2
矫正,2
福州,2
昼夜,2
遭受,2
程鑫,2
双脚,2
你家,2
燃脂,2
有助于,2
专业,2
一页,2
街头,2
花园,2
外长,2
难度,2
松针,2
办理,2
完美,2
传言,2
人民,2
政策,2
朱德庸,2
感慨,2
第六,2
福建,2
设计方案,2
恭喜,2
麒麟,2
责任,2
baby,2
局长,2
自我,2
土壤,2
听风,2
英语,2
展现,2
老婆,2
眼神,2
观瀑亭,2
意大利,2
巡回,2
念头,2
吓人,2
不准,2
下次,2
没装,2
本质,2
无盖,2
不放过,2
虚构,2
操控,2
台湾,2
合适,2
机器人,2
bw,2
细腻,2
边境,2
金牛座,2
郭焱,2
重金,2
节育器,2
肉类,2
龚某,2
这笔,2
贸易谈判,2
片段,2
想想,2
新闻报道,2
五口,2
考公,2
制假,2
淡淡的,2
评价,2
不让,2
抗衰,2
苍生,2
排名第,2
男生,2
豪门,2
导演,2
海绵,2
走过,2
宝子们,2
不实,2
急救,2
做个,2
提问,2
曹云金,2
转包,2
一段话,2
忽悠,2
鞠婧,2
婚纱照,2
推锅,2
沦陷,2
SAIF,2
湖北,2
预报,2
人士处,2
黄线,2
幼儿园,2
自动,2
口味,2
这波,2
科学,2
涨价,2
减脂,2
刘宇宁,2
处罚,2
养殖户,2
善款,2
盛世,2
划算,2
家委会,2
现状,2
国文,2
账户,2
清晰,2
咬住,2
堪称,2
风光,2
答复,2
食堂,2
忠诚,2
七星,2
做事,2
伴随,2
一幅,2
大连,2
河北省,2
北段,2
协会,2
存款,2
小心翼翼,2
长阳,2
满心,2
行业,2
注销,2
灾害,2
巡回演唱,2
北京电影学院,2
反转,2
参加,2
梅洛,2
小孩儿,2
传来,2
袁代,2
球场,2
舞者,2
深圳,2
塞尔维亚,2
几次,2
不当,2
嗓子,2
露营,2
塞牙,2
丸子,2
会见,2
特种兵,2
盖子,2
九旬,2
铁粉,2
柱子,2
犬吠,2
驾驶,2
一代,2
嘴唇,2
标注,2
清淤,2
回家,2
墓碑,2
Apple,2
发言人,2
筹集,2
壮观,2
风象,2
墨香,2
史上,2
膝盖,2
高效,2
掉秤,2
河北,2
团丁,2
碗面,2
扰乱,2
女孩子,2
力气,2
缓缓,2
武力,2
上头,2
捆住,2
哪位,2
明天,2
样式,2
气温,2
洛邑,2
立交,2
作业,2
玩笑,2
松柏,2
好笑,2
lisa,2
能装,2
移花接木,2
奇奇怪怪,2
环抱,2
体内,2
平安,2
降级,2
不该,2
俄军,2
稀土,2
不适,2
收盘,2
不爱,2
大赏,2
断裂,2
音符,2
马萨诸塞州,2
自然灾害,2
松叶,2
高点,2
大雨,2
无需,2
村干部,2
溺水,2
强奸,2
线条,2
躲雨,2
爆表,2
话题,2
虐恋,2
感情,2
考考你,2
好帅,2
玩法,2
兼任,2
证券,2
催促,2
生菜,2
套房,2
肇事,2
走进,2
异常,2
定罪,2
共赴,2
实践,2
怀念,2
模仿,2
穿着,2
模特,2
会晤,2
洛阳,2
热度,2
动人,2
足足,2
氛围,2
憧憬,2
当事,2
路南,2
积分榜,2
主力,2
喜获丰收,2
情绪稳定,2
甜头,2
好事,2
永劫,2
高龄,2
销售,2
党委书记,2
政府,2
黄新淳,2
百团大战,2
抓获,2
人气,2
背影,2
转发,2
街舞,2
小哥,2
战区,2
物品,2
癌症,2
负责,2
章若楠,2
不抖,2
出货,2
调岗,2
级别,2
名为,2
云雾,2
停车位,2
一项,2
详情,2
总价,2
对象,2
巨蟹,2
心要,2
脊梁,2
玩转,2
年任,2
过瘾,2
年冬,2
炸鸡块,2
陈乔恩,2
KTV,2
中华,2
奖金,2
撤销,2
祥符,2
桃子,2
寄生虫,2
黎明,2
水温,2
舰是,2
羡慕,2
当事人,2
工资,2
陪伴,2
关税,2
小喇叭,2
约定,2
认真学习,2
首位,2
思维,2
随手,2
李嘉诚,2
北海,2
南岸,2
谎言,2
转给,2
两次,2
多人,2
果断,2
上架,2
忍不住,2
快速路,2
一个月,2
第四,2
羊肉串,2
典型,2
沈毓灵,2
肖进,2
打戏,2
前提,2
十秒,2
跑步,2
对付,2
前行,2
有限公司,2
补充,2
涉及,2
脸上,2
圆明园,2
锤子,2
丧失,2
解暑,2
调侃,2
广元,2
字体,2
口型,2
紧急,2
海外,2
猫猫,2
法规,2
差别,2
解得开,2
老祖宗,2
虎口,2
嘴里,2
一部,2
引领,2
何沄,2
行政处罚,2
水瓶,2
吕不韦,2
一波,2
形式,2
赚钱,2
宛如,2
呕吐,2
这片,2
便宜,2
努力学习,2
浓烈,2
入梦,2
楼下,2
权威,2
相声,2
真相,2
不小,2
不上,2
一层,2
汉代,2
水里,2
年大美,2
撑腰,2
友情,2
田园,2
损耗,2
先锋,2
隐私,2
梓渝摇梓,2
伤亡,2
避孕,2
协助,2
自发,2
宣武医院,2
常委会,2
动物,2
螃蟹,2
悲允悲,2
督察,2
大士,2
天花板,2
上周,2
跟上,2
刘某,2
抵港,2
双向,2
此事,2
李春临,2
六点,2
冷水,2
海域,2
大王,2
放量,2
变得,2
国外,2
对决,2
母亲,2
豪华,2
摇橹,2
万能,2
鼠头,2
藤蔓,2
步数,2
日有,2
超能力,2
高校,2
陈丽君,2
锦鲤,2
强制性,2
用人单位,2
以法,2
首日,2
各方,2
举措,2
要你命,2
成交量,2
出具,2
搭理,2
这条,2
古州,2
陈发莲,2
单王,2
王妃,2
效率高,2
多只,2
荣耀,2
偷笑,2
内娱,2
走红,2
消息报,2
判断,2
管员,2
途中,2
木渎,2
王子,2
很难,2
加班,2
第五名,2
国内,2
骨灰,2
脊柱,2
银色,2
委务会,2
初中,2
加点,2
丁程鑫,2
一道,2
明朝,2
归来,2
我行我素,2
精品,2
海滩,2
达成,2
问鼎,2
宁波,2
饭碗,2
真人,2
悄悄,2
日起,2
萌化,2
民生,2
通告,2
神女,2
爱后,2
甲板,2
设计师,2
麦粒,2
暴击点,2
哼唱,2
洗净,2
执行,2
频道,2
晚霞,2
每周六,2
视角,2
阔绰,2
隆林,2
辛苦,2
观后感,2
吊唁,2
小孩,2
黑胡椒,2
cha,2
运城,2
基层,2
移植手术,2
纷纷,2
老店,2
占有欲,2
陪同,2
标段,2
写下,2
抗炎,2
临河,2
残疾证,2
天气,2
大戏,2
累计,2
海训,2
干净利落,2
田家,2
短中线,2
不进,2
车辆,2
两人,2
开学,2
成群,2
原有,2
pv,2
深度,2
缅怀,2
左奇,2
小伙伴,2
腹肌,2
不愿,2
养活,2
路演,2
造型,2
松岛,2
再见,2
生机,2
收官,2
感染,2
这份,2
时节,2
追剧,2
曲线,2
强势,2
血液,2
蒋长扬,2
银土,2
摊主,2
暂停,2
坏人,2
昔日,2
空间,2
众多,2
发育,2
舰岛,2
一对,2
昏迷,2
一根,2
代表性,2
西藏,2
不腻,2
报警器,2
道理,2
玉器,2
周旋,2
范儿,2
来宁,2
男方,2
苎麻,2
趣味,2
模型,2
脖子,2
晚安,2
第五,2
临江仙,2
伪科学,2
知识点,2
这家,2
反悔,2
正式,2
灼大,2
朱元璋,2
总行,2
生动,2
下行,2
退场,2
国行,2
依法,2
指责,2
有个,2
事实,2
炸锅,2
录制,2
苏苏,2
成分,2
酒楼,2
拉夫,2
俄外长,2
丰收,2
洗衣机,2
内心,2
两侧,2
构图,2
假发,2
轻断,2
溺亡,2
视觉,2
开分,2
一艘,2
黄昏,2
一等奖,2
派出所,2
手绘,2
手里,2
塔斯社,2
券商,2
搭配,2
仿冒,2
刘震云,2
一座,2
土耳其,2
眼中,2
无毒,2
诗意,2
拉布,2
基金会,2
签订,2
数据,2
天秤座,2
地铁,2
农作物,2
考生,2
效果,2
多一点,2
古镇,2
暴跌,2
版本,2
云南昆明,2
窒息,2
自驾,2
星期六,2
快递,2
阿里,2
狂欢节,2
奶油,2
安保,2
摄氏度,2
佳品,2
切块,2
一事,2
特意,2
灌饼,2
鸡胸肉,2
下跌,2
社会秩序,2
心情,2
凯格尔,2
前世,2
热议,2
节奏,2
月份,2
田间,2
敬酒,2
余华,2
促成,2
不好意思,2
早餐,2
观察,2
病毒,2
跟风,2
儿子,2
酒店,2
上班,2
启动,2
预报员,2
相当于,2
买入,2
一代人,2
赵晟佳,2
眼前,2
哥哥,2
打扰,2
协同,2
性格,2
赋能,2
强行,2
大师,2
福建省,2
当成,2
驾车,2
一宿管,2
张梓儿,2
外观,2
后背,2
更高,2
赛道,2
封心锁,2
神经,2
婆婆,2
这座,2
宝藏,2
公安,2
审美,2
华东,2
零花钱,2
剧毒,2
聚焦,2
骑车,2
显得,2
过后,2
勇敢,2
侦测,2
危机,2
服装,2
倡议,2
首次,2
老街,2
凹陷,2
龙头,2
特地,2
农活,2
热情,2
濒海,2
京冀,2
醒来,2
新房,2
消化,2
宫内,2
回望,2
灵动,2
往后,2
废品,2
进屋,2
解锁,2
创意,2
种子,2
二次元,2
讲话,2
汉中市,2
到来,2
屋外,2
医疗,2
人格,2
那天,2
阔腿裤,2
伤害,2
看过,2
我厨,2
大棚,2
亚美尼亚,2
创新,2
校园,2
处于,2
Labubu,2
张巍,2
办成,2
之夜,2
冰淇淋,2
第八名,2
看盘,2
水灵灵,2
辣椒,2
交通事故,2
实施,2
霸道,2
中药,2
景色,2
进奉,2
燕窝,2
平米,2
重度,2
制度,2
小男孩,2
两三百,2
关区,2
山竹,2
抱抱,2
锤炼,2
奔驰,2
接手,2
科技类,2
仅仅,2
落下,2
垃圾,2
伴娘,2
香菜,2
冷调,2
从前,2
民间,2
心中,2
收益,2
人体,2
登陆,2
购买,2
锻炼,2
负担,2
玩偶,2
天秤,2
南方,2
绿意,2
装备,2
对话,2
双子,2
坦诚,2
自然资源,2
魔法,2
那一刻,2
陈思罕,2
选出,2
丝毫,2
逻辑,2
大阪,2
舞美,2
战机,2
设置,2
第二名,2
放在,2
打破,2
监护人,2
海浪,2
李女士,2
表演,2
网安局,2
海鲜,2
珠海,2
白羊,2
出资,2
股民,2
屯镇,2
馒头,2
烽火,2
遗憾,2
誓要,2
大胆,2
在读,2
联盟,2
羞嗒,2
空军,2
别墅,2
抵抗,2
同比,2
平房,2
躯体,2
游本昌,2
婚纱,2
车厢,2
年底,2
新郎,2
原神,2
一首,2
家世,2
总台,2
温度,2
排行榜,2
昆虫,2
用于,2
白活,2
设施,2
签约,2
人群,2
顾子明,2
送行,2
分割,2
形态,2
排除,2
举报,2
生气,2
暑期,2
不失,2
额头,2
骨子里,2
选举,2
川观,2
调度,2
狠心,2
多点,2
梧桐,2
无限,2
百姓,2
栏杆,2
怀孕,2
练一练,2
楚门,2
抢救,2
中午,2
无辜,2
爽口,2
拿捏,2
融入,2
堆量,2
新型,2
王心凌,2
孤独,2
共计,2
王祖,2
独特,2
辞退,2
毕节市,2
异化,2
被裁,2
随后,2
见面,2
无关,2
需求,2
二小,2
整治,2
够呛,2
霸气,2
玻璃,2
立案,2
空战,2
禁止,2
青玉小,2
跟随,2
农户,2
炒股,2
胎心,2
一顶,2
调解,2
当年,2
电信,2
门诊,2
岳母,2
充当,2
爱心,2
敬献,2
刑事案件,2
开进,2
淑女,2
身高,2
太好了,2
硬糖,2
抽查,2
三胎,2
三天,2
枪声,2
护卫舰,2
吃播,2
令人,2
提高,2
打雷,2
狂喜,2
天女散花,2
轮毂,2
WTT,2
晚年,2
新编,2
民警,2
平凡,2
刘浩存,2
长文,2
屠龙,2
一会,2
四年,2
维修,2
家园,2
牛马,2
合体,2
握手,2
麟游,2
独立,2
卖货,2
有毒,2
必修课,2
预警,2
销量,2
存储,2
郭晶晶,2
两地,2
预期,2
新生儿,2
打着,2
初三,2
开赛,2
狗来,2
甘肃兰州,2
大院,2
终身,2
第六名,2
自燃,2
男士,2
稳稳,2
道禄,2
青川,2
同情,2
海安,2
排水,2
炸裂,2
有点像,2
早熟,2
蔬菜,2
吃不起,2
代谢,2
给出,2
靠近,2
西安,2
透明,2
跳跃,2
五重,2
买票,2
棋局,2
awsl,2
爱上,2
微博热,2
日军,2
超强,2
光看,2
皖南,2
分居,2
猝死,2
精灵,2
妥妥,2
新发型,2
后排,2
芝麻,2
划痕,2
打乱,2
点后,2
时报,2
紫色,2
收拾,2
精心,2
体系,2
刺激,2
惊喜,2
官网,2
备受,2
高速,2
一字,2
因涉嫌,2
慢动作,2
气血,2
诱多,2
目光,2
新材,2
乔亿瑶,2
之间,2
玩耍,2
活力,2
气运,2
受伤,2
饭店,2
我会,2
传达,2
流传,2
批前,2
小冲,2
第七名,2
正方体,2
笑料,2
四只,2
遇见,2
二创,2
拘留,2
滨江,2
扎实,2
手艺,2
承诺,2
新陈代谢,2
拨打,2
伍佰,2
大战,2
魔术,2
解散,2
游戏,2
市长,2
詹姆斯,2
小猫咪,2
增多,2
契合,2
来回,2
厨房,2
野场,2
总和,2
齐射,2
目手,2
目标,2
洁净,2
暴击味,2
这项,2
敌人,2
卫生,2
持有,2
飙升,2
掘金,2
摊手,2
丝滑,2
热晕,2
标签,2
枸杞,2
入睡,2
董事会,2
特质,2
京津冀,2
情侣,2
十五年,2
樊振东,2
饱满,2
郎才女貌,2
效率,2
央视,2
台风,2
李平,2
念念有词,2
黄宇翔,2
降临,2
微博过,2
术后,2
就读,2
纸片,2
资源,2
金店,2
开机,2
泳池,2
建成,2
定位,2
神器,2
秘境,2
检察工作,2
浙江省,2
强降雨,2
唯美,2
相爱,2
新农,2
芳华,2
街道,2
已有,2
不信,2
明明,2
琉璃,2
击落,2
宅家,2
模拟,2
青岛,2
搞笑,2
亲眼目睹,2
讲究,2
大省,2
死去,2
小张,2
泥泞,2
在于,2
健身操,2
煮菜,2
水中,2
化妆师,2
梨子,2
杀害,2
见到,2
右侧,2
主食,2
处置,2
实用,2
倒下,2
最怕,2
发财,2
光影,2
依然,2
法令,2
利益,2
玉石,2
接纳,2
不白来,2
西装,2
魅力,2
出色,2
独角兽,2
途径,2
湖南卫视,2
一顿,2
冷汗,2
雨幕,2
即化,2
达坂,2
灾情,2
决议,2
太贵,2
三伏天,2
ps,2
塑型,2
未必,2
回响,2
揣测,2
场站,2
加持,2
人设,2
东部,2
牛哥,2
谈判,2
创业,2
大结局,2
关键,2
芝士,2
威胁,2
主体,2
手中,2
球拍,2
口袋,2
首度,2
速度,2
田雷,2
打板,2
聊聊,2
天空,2
说漏嘴,2
IIV,2
大人,2
大车,2
黑料,2
中国共产党,2
水现,2
打败,2
牛市,2
号码,2
充足,2
婚姻,2
短板,2
脂肪,2
政法,2
good,2
分选,2
青海,2
摩羯座,2
倒塌,2
完蛋,2
疾控,2
清醒,2
工程项目,2
中毒,2
烟火,2
致富,2
抖音,2
OneLove,2
南昌,2
琢磨,2
出口,2
微风,2
全球,2
交流,2
商业,2
空腹,2
最有,2
缭绕,2
能量,2
感动,2
疾病,2
古色古香,2
醉汉,2
之名,2
金条,2
剧方,2
空降,2
何官,2
王朔,2
出清,2
配偶,2
却是,2
冷笑,2
拉满,2
情商,2
暗恋,2
白桃,2
浩浩,2
持仓,2
指鱼,2
处女座,2
练字,2
一颗,2
存下,2
孜然,2
通义,2
博主,2
比黑,2
恒宝,2
合影,2
秦代,2
风景线,2
食用,2
恶心,2
私下,2
马赫,2
向上,2
对待,2
纹理,2
善解人意,2
显赫,2
南京市,2
人会,2
回正,2
万美元,2
冰镇,2
DeepSeek,2
庄严,2
生成,2
很爱笑,2
超棒,2
修炼,1
苍蝇,1
性价比,1
矿场,1
凉山,1
邢台,1
一刀切,1
嘲笑,1
过速,1
赵力,1
金属,1
正是,1
哪来,1
原生态,1
连阴天,1
秦野,1
阿尔山,1
地平线,1
几十年,1
的哥,1
刷到,1
盗窃罪,1
检察事业,1
我哥,1
局面,1
住宅,1
一日之计,1
腹部,1
场合,1
医美,1
无语,1
艰难,1
封板,1
下酒菜,1
拉高,1
做手术,1
燃料,1
遇害者,1
甩掉,1
金蝉,1
刷新,1
星挺,1
时有,1
多一看,1
撰写,1
行书,1
疑似,1
哈工大,1
先苦后甜,1
样貌,1
点评,1
江东,1
重回,1
帅哥,1
抖起来,1
那晚,1
扑倒,1
想不到,1
肌肉,1
最难,1
迈巴赫,1
泉州市,1
多魅,1
女仆,1
好友,1
佟麟阁,1
最准,1
高叶,1
违背,1
射雕,1
结扎手术,1
摄影课,1
霸总本,1
替换,1
报废,1
发配,1
暖闻,1
圈套,1
多公里,1
跑跳,1
抢走了,1
早晨,1
油气,1
扁平,1
环球,1
金黄色,1
尼时,1
曹佩凤系,1
程序,1
莫过于,1
净化,1
笼子,1
中翳,1
塑封,1
蚁群,1
配种,1
人民日报,1
纠正,1
马铃薯,1
咸甜,1
东北,1
奇缘,1
之际,1
近几天,1
缩量,1
集成,1
看一看,1
何卓佳,1
知名企业,1
面包,1
埃及,1
股等,1
江南,1
铅粉,1
华西,1
一夏,1
奢华,1
没边,1
试用,1
遁形,1
积攒,1
贾冰,1
忙忙碌碌,1
短裤,1
用力,1
薯光,1
专程,1
质朴,1
吸引力,1
盘点,1
沉醉,1
整整,1
倾家荡产,1
西方,1
版权,1
周后,1
古都,1
海南,1
眼轮,1
坐牢,1
守护,1
蓬松,1
舰下,1
王破,1
USBTypeC,1
脑心,1
撩起来,1
了不起,1
破涕为笑,1
太大不生,1
风口,1
干货,1
试卷,1
喜羊羊,1
防范,1
泛滥成灾,1
幸运,1
程逸府,1
枯黄,1
离了婚,1
许多次,1
太会,1
迎难而上,1
deepSeek,1
向往,1
生活态度,1
锁边,1
将军,1
男主改,1
兄长,1
朋友圈,1
水枪,1
合着,1
文章,1
偷袭,1
余杭,1
曲解,1
高光,1
奇葩,1
剧社,1
执着,1
酗酒,1
大二,1
船娘,1
禁欲,1
双鱼座,1
煽风点火,1
全书,1
心心心,1
灭门,1
共呼吸,1
高产,1
俄罗斯国防部,1
拉伸,1
田坤,1
思文,1
登记,1
时光,1
原地,1
班上,1
皮厚,1
少油,1
消防,1
现已,1
假假,1
夏王陵,1
小院,1
公考,1
富春江,1
脆脆,1
起飞,1
送来,1
花瓣,1
东宫,1
大乾王,1
奇瑞,1
酱园,1
哭怕,1
括号,1
结扎,1
南木,1
神里绫华,1
不容,1
看得,1
个性,1
单兵作战,1
赢得,1
彩礼,1
北向南,1
硬通货,1
沸腾,1
地道,1
爬满,1
留学,1
就让,1
北京大学,1
陆续,1
牛车水,1
顺序,1
练上,1
咱家,1
预估,1
maoyeye,1
转身,1
备选,1
欺负,1
第九名,1
银币,1
萨尔布吕肯,1
穷养,1
降到,1
刘胖,1
早产儿,1
海关总署,1
牛奶,1
回答,1
航天,1
纠纷,1
取保候审,1
撕开,1
逆风,1
害苦,1
苏醒,1
仍能,1
追逐战,1
冰激凌,1
果蔬,1
千古,1
上火,1
二哈本,1
可靠,1
就会开,1
民勤,1
诈骗案,1
居间人,1
配制,1
长镜头,1
扔弃,1
刘国梁,1
捡起来,1
星月,1
受灾,1
实战,1
三男间,1
悲惨,1
牙周炎,1
扶养费,1
出道,1
填好,1
旨在,1
刘小丫,1
隔壁,1
bgm,1
嘉康,1
乔尔玛,1
汉娜点,1
吝啬,1
口碑,1
楼层,1
逃过,1
遮阳网,1
比尔,1
散货,1
二百五,1
切片机,1
缠绕,1
标尺,1
停车,1
一段时间,1
加快速度,1
一滴,1
命中率,1
准度,1
含水量,1
雨棚,1
病人,1
修道院,1
通早,1
两面,1
结溏,1
打卤面,1
安心,1
造城者,1
监委,1
总队,1
看苏超,1
层出不穷,1
撕点,1
桃园,1
不怎么样,1
画中人,1
来过,1
zly,1
是因为,1
aespaDirtyWork,1
唐诗,1
盖板,1
两条,1
告别,1
东亚,1
消耗,1
当今社会,1
吃火锅,1
石栏,1
郑秀晶,1
我太菜,1
要现,1
发布公告,1
快准,1
自给率,1
腹泻,1
工作室,1
台军,1
继承权,1
一晚,1
周二,1
上成,1
最舒服,1
超在行,1
半个,1
腹式,1
要素,1
再现,1
本期,1
指望,1
躺平,1
二上,1
抽走,1
交涉,1
Sy,1
一趟,1
火遍,1
可卖,1
办好,1
表面,1
春夏,1
鬼怪,1
贵阳,1
进出口,1
打个,1
顺其自然,1
抗压,1
流沙,1
初次见面,1
张靓颖,1
盘踞,1
做强,1
补强,1
走秀,1
郑钦文,1
不食,1
调节,1
爱姐,1
定格,1
海瓜子,1
不负责任,1
色釉,1
秦江,1
颅内,1
卷肠包,1
好代,1
王安宇,1
伸手,1
追求,1
退役,1
对不起,1
防空警报,1
十倍,1
新歌,1
恶化,1
明月,1
洗澡,1
认定书,1
太原,1
获路,1
此类,1
寸土不让,1
熊猫,1
适宜,1
支撑,1
正人君子,1
相聚,1
三格,1
模糊,1
美容,1
沸水,1
年仅,1
缩短,1
优品,1
万女,1
财经网,1
凉拌,1
xx,1
几下,1
心疼,1
工时,1
OK,1
舞是,1
顾及,1
結束,1
指导,1
沙墩,1
抗氧化剂,1
添加,1
给付,1
切换,1
破碎,1
LEO,1
谈不生,1
活着,1
粘土,1
sakamoments,1
动画师,1
北辰,1
男二,1
南岸区,1
口吃,1
老祖,1
晨起,1
创了,1
好不好,1
余家,1
点到,1
痒痒,1
老奸巨猾,1
太炸,1
电子版,1
力挺,1
带回,1
意为,1
合十,1
所在,1
变小,1
深厚,1
活泼,1
厌恶,1
小黑,1
扭蛋,1
豆儿,1
樱花,1
至关重要,1
很逆天,1
性别,1
比耶,1
欲擒故纵,1
两市,1
警察,1
奶奶家,1
建房,1
迷恋,1
出头,1
超好,1
加拿大,1
肾移植,1
阻止,1
守寡,1
南洋,1
面积,1
挖出,1
刑事诉讼法,1
生怕,1
倒数,1
大西洋,1
兄弟姐妹,1
时藏,1
翻绿,1
为鼠头,1
已婚,1
不动夜,1
受精卵,1
梨树,1
保健品,1
赛场,1
战车,1
有多绝,1
太暖,1
亚洲,1
周雄,1
预料到,1
聚餐,1
尝尝,1
一震,1
鱼虾,1
正大光明,1
大好河山,1
先进,1
未知,1
甘肃,1
Cosplay,1
得克萨斯州,1
洗盘,1
早刻,1
烤串,1
摇头,1
观象,1
永年县,1
人四,1
胜出,1
耄耋之年,1
了然,1
连赞,1
北纬,1
封锁,1
米格,1
顺得,1
中队,1
身手,1
乖乖,1
失联拒,1
吐吐,1
巨头,1
亲爱,1
四肢,1
奎屯,1
Eric,1
剩余,1
挺行,1
养对,1
随便,1
肝要,1
眼眶里,1
镇得,1
脑盖骨,1
剧超话,1
本场,1
雷总丝,1
北部,1
集傅,1
只票,1
拼好,1
宣誓,1
打吊瓶,1
太不容易,1
股东大会,1
高速旋转,1
转转,1
东盟,1
日程,1
摇蚊,1
和尚,1
地基,1
赤裸裸,1
最老,1
生育,1
结构,1
安全带,1
催泪瓦斯,1
抱怨,1
每货,1
优秀,1
掌盟,1
胎孕妈,1
群单,1
伸腿,1
制导,1
激起,1
装备齐全,1
早钟,1
谷歌,1
进度,1
意式,1
都还没,1
工作效率,1
示范片,1
来袭,1
广泛传播,1
偏远,1
拿冰,1
干什么,1
前车,1
备案,1
彭贤光,1
跟友商,1
终极,1
追完,1
保育,1
伟等,1
长空,1
预算,1
铭记,1
总医,1
飞跃,1
晚点,1
一场空,1
爽脆,1
国家一级,1
强度,1
路面,1
高学历,1
挡板,1
新出,1
入窑,1
局部,1
尘土,1
诉状,1
蓄谋已久,1
裁判,1
干预,1
管理处,1
范丞丞,1
康乐,1
空心砖,1
难过,1
热闹,1
后悔,1
别怪,1
姐弟,1
娃用,1
两劫,1
奇怪,1
炸平,1
冠军,1
院区,1
远超,1
沦落,1
门把手,1
发文,1
如要,1
不谢,1
结尾,1
隐蔽,1
节目,1
苗子,1
三生,1
心智,1
卡宴,1
经查,1
白土,1
下达,1
小叔子,1
十级,1
店上,1
判决书,1
白家,1
人情世故,1
三代,1
体贴,1
原理,1
TateMcRaeMissPossessive,1
骑楼,1
海拔,1
最愛周,1
万源,1
看牙有,1
天气晴朗,1
猜准,1
发改委,1
高谈阔论,1
跳上,1
种得,1
剧集,1
秀晶,1
并于,1
胎膜,1
注册,1
女宝,1
辽阔,1
算不算,1
地引,1
输精管,1
ThehigherIgotthemoreamazedIwasbytheview,1
职场,1
有源,1
缝隙,1
学子,1
打死,1
占用,1
清蒸,1
皮囊,1
对抗,1
底裤,1
烟台市,1
外人,1
杜兰特,1
宠爱,1
苏联,1
周一,1
捞出,1
整部,1
糖度,1
请教,1
天台,1
极目,1
武装力量,1
战记,1
垂泪,1
小吃,1
问谈,1
海共执,1
夯实,1
几家,1
凝聚力,1
两套,1
typeC,1
毁掉,1
吐进,1
黑色,1
转账,1
磨灭,1
想过,1
万问,1
深达,1
全程,1
羽韶,1
上街,1
输出,1
共鸣,1
江南水乡,1
上榜,1
开小卖,1
浸泡,1
黄帝内经,1
数以百万计,1
顶替,1
软语,1
交警,1
摆满,1
申请,1
理发店,1
外文,1
乌兰,1
满身,1
紧张,1
帕梅拉,1
入内据,1
UP,1
扭起来,1
进驻,1
茶馆,1
名校,1
香蕉,1
广播,1
撤军,1
吸纳,1
希勒,1
拉弓,1
断崖,1
折合,1
退伍,1
金鸡独立,1
签发,1
人五,1
食指,1
柔情,1
野果,1
睡着,1
第十名,1
前能,1
彩绘,1
穷酸,1
战争,1
如大,1
工商银行,1
治安,1
看透,1
不锈钢,1
金价,1
男谢,1
花落,1
政治部,1
开展调查,1
府丽,1
诚不欺,1
拆除,1
进山,1
农村,1
杂货铺,1
参观,1
揭晓,1
相连,1
苏娥,1
白宫,1
举报中心,1
减都,1
人干,1
科学分析,1
杂交,1
浮动,1
补丁,1
之下,1
赵露思,1
一栏,1
一颗颗,1
苑伟,1
硬朗,1
家官,1
准宋,1
这人,1
相撞,1
小团,1
明住,1
小生,1
反式,1
大头,1
博弈,1
曹佩凤,1
天下,1
台老款,1
繁华都市,1
替电诈,1
想着,1
窗外,1
受灾地区,1
有福气,1
刑事责任,1
吴侬,1
最深,1
国师,1
财富,1
病逝,1
不休,1
到位,1
筑屋,1
说出,1
覆盖,1
攻击,1
两年,1
留住,1
一串,1
儿时,1
股息,1
肌舌,1
列装,1
装甲车,1
书后,1
德芙,1
特检组,1
柯桥区,1
送礼,1
存货,1
淘宝,1
揉碎,1
甄选,1
登帝,1
车身,1
撩人,1
芯片,1
没生气,1
坐下,1
这该,1
险些,1
好到,1
巨香,1
灾损,1
第二十一次,1
两片,1
发了,1
拉斯维加斯,1
肠要,1
延时,1
未亡人,1
韭菜,1
人间仙境,1
那年,1
新体验,1
劳斯们,1
危楼,1
大美,1
证书,1
财政部,1
乱窜,1
真令人,1
长寿,1
城市污染,1
时见,1
平给,1
抽烟,1
队伍,1
台车,1
MILLYBAMPINI,1
之巅,1
山西,1
弱弱,1
父女关系,1
东区,1
苦衷,1
当地人,1
三是,1
心蛋,1
一部分,1
阿赫卢,1
难缠,1
最强,1
延安,1
蓝调,1
生物圈,1
机枪,1
推行,1
一杯,1
独播,1
停工,1
疫苗,1
换血,1
红利,1
复仇,1
线素,1
厨明,1
致病,1
会同,1
包小包,1
这哈人,1
海昏侯,1
着急,1
碰壁,1
对称,1
福利彩票,1
分明,1
位均,1
音色,1
hold,1
鲜艳,1
朱祁镇,1
理工大学,1
理性,1
召回,1
掏空,1
麻木,1
生活圈,1
射程,1
蓝宝,1
做梦,1
从严治党,1
校长,1
比亚迪,1
高相,1
对不住,1
热身,1
兵团,1
暴发,1
法则,1
蒙语,1
轻装,1
肝肾,1
那座,1
助理,1
吐气,1
官员,1
以一,1
伊以,1
喝啤酒,1
有多强,1
主责,1
大陆,1
存放,1
红细胞,1
办公,1
狠狠,1
舰由前,1
中见,1
多少度,1
得手,1
爱豆级,1
玩出,1
开播,1
顶骨,1
单价,1
金华市,1
服化,1
暴汗,1
一眼,1
二维码,1
泰兴,1
中国人民解放军海军,1
杨瀚森,1
辉煌,1
注意事项,1
易怒,1
演戏,1
新增,1
中要,1
银河,1
千亩,1
顺德区,1
主角,1
担任,1
零到,1
老兵,1
散打,1
阳台窗,1
削皮,1
嘴纯,1
草药,1
小将,1
生活习惯,1
新鲜事,1
火爆,1
吃海鲜,1
无权无势,1
您好,1
约会,1
多条,1
起伏,1
有害物质,1
手册,1
高远,1
听见,1
处女,1
小马,1
一招,1
中文,1
谢韫之本,1
请吃,1
特写,1
实务,1
左手,1
止泻药,1
经济基础,1
排酸,1
毛发,1
公开课,1
全屋,1
早八,1
不弃,1
中有,1
Ana,1
磕碰,1
痛经,1
神番,1
致其,1
元宝,1
拾升,1
开渔季,1
大跳水,1
陵园,1
时一为,1
改个,1
蓝天,1
调动,1
两栖,1
一站,1
权限,1
新疆伊犁哈萨克自治州,1
就位,1
坏处,1
氧吧,1
交代,1
悲允,1
姑苏,1
缺失,1
浓眉,1
万块,1
受欢迎,1
无病,1
侍从,1
东契奇,1
种田,1
阶段,1
弹道导弹,1
化身,1
浪花,1
末世,1
crydoge,1
张作霖,1
增幅,1
太子,1
相继,1
可促,1
条纹,1
折腰,1
福音,1
农业产业,1
欢乐,1
大卡车,1
处在,1
告别仪式,1
杨洋,1
频繁,1
待产,1
人道主义,1
餐盘,1
网球,1
意面,1
上用,1
酷炫,1
合二为一,1
仙女,1
减掉,1
开唱,1
捧起,1
吃透,1
侧耳,1
题材,1
上次,1
限薪,1
自杀,1
盛装,1
盈亏,1
中考,1
挺直,1
剖宫产,1
公众,1
画卷,1
不甜,1
同组,1
埃里温,1
闭环,1
水瓶座,1
童童,1
坚定,1
框住,1
刮痧,1
悲伤,1
孝子贤孙,1
幼苗,1
朝向,1
玩意儿,1
昙花一现,1
乡镇,1
一药,1
RunMelbourne,1
外酥里,1
称网,1
庆祝,1
国家药监局,1
李白,1
限动,1
避暑,1
豌豆,1
下马,1
歌会,1
呐喊,1
重现,1
散布,1
黑头,1
班加罗尔,1
牛鬼蛇神,1
Colorsofthewind,1
现发,1
孕妻,1
回到,1
故宫,1
停产,1
把握住,1
宝子,1
疙瘩,1
泛舟,1
组队,1
反观,1
小步,1
抗日战争,1
全款,1
逃离,1
Tokyocalling,1
疯玩接,1
信托,1
特展,1
迸裂,1
马扎,1
伐木,1
日经,1
文明,1
转包合同,1
木头,1
爆发,1
大国,1
醉酒,1
发邮件,1
獠牙,1
阵风,1
老人家,1
路线图,1
大屏幕,1
剩满格,1
夺票,1
人站,1
银发族,1
沈腾,1
惨遭,1
刺鼻,1
山头,1
招摇撞骗,1
武功,1
城池,1
你够,1
灵眼,1
四周,1
注定,1
战训,1
东方之珠,1
古典,1
姜黄,1
钉子,1
发大财,1
军舰,1
怀里,1
爱玩,1
香港电影,1
纪念品,1
捐给,1
命题,1
顶上,1
肉香,1
眼看,1
合格,1
黑心,1
平江,1
没干,1
用到,1
活性,1
元帅,1
胜利,1
大潮,1
教你做,1
开门,1
分发,1
赫拉,1
低价,1
难熬,1
芥沫,1
收藏界,1
spa,1
盛赞,1
逻辑推理,1
放个,1
看法,1
亲子关系,1
推开,1
大老远,1
亿遍,1
舒展,1
系莫属,1
天有不测风云,1
ROI,1
乱搞,1
大吃大喝,1
凝固,1
标的物,1
马不停蹄,1
弓箭,1
卫生纸,1
头要,1
竟开,1
王坛,1
拉倒,1
童话,1
不慌不躁,1
屋内,1
私塾,1
扎日,1
夫人,1
问答,1
在经济上,1
视频新闻,1
中庭,1
山势,1
国门,1
组合成,1
结丝,1
拨乱反正,1
广电,1
始终,1
小白,1
俯卧撑,1
CIGTelegramCounterIntelligenceGlobal,1
潇息,1
攻略,1
苏州,1
坐镇,1
Kuma,1
成街,1
毫无作用,1
大风大浪,1
厩肥,1
扎法,1
第四艘,1
雪白,1
底部,1
遇到困难,1
云霜为,1
裙子,1
五星,1
编织,1
没考上,1
车蜂农,1
悲剧,1
初为人,1
捞饭,1
已跌,1
三五成群,1
后车,1
公民,1
听音,1
流泪,1
翻阅,1
稳居,1
诺亚方舟,1
概括,1
砍柴,1
不来,1
场内,1
发糕,1
查获,1
暴烈,1
绯红,1
大象,1
啮齿动物,1
手汗症,1
小女孩,1
深处,1
单杀,1
涵盖,1
队员,1
进展,1
环城,1
手续,1
乙游,1
经络,1
出席,1
服务平台,1
卷子,1
急诊室,1
施足,1
平方,1
寻找,1
人赞,1
期前,1
托班,1
打哈欠,1
隐身飞机,1
轻备,1
存缴,1
起涉,1
光辉,1
小鱼儿,1
西宁市,1
里口山,1
视作,1
这颜值,1
扎堆,1
多斤,1
网页,1
Babyjusttakeiteasy,1
满分,1
拍子,1
打理,1
姜若,1
中心医院,1
亏麻,1
以示,1
不妥,1
指令,1
暗示,1
别沾春,1
Kimi,1
幌子,1
镜子,1
避开,1
回老家,1
更近,1
接亲,1
车企,1
私信,1
猎人,1
公寓,1
假象,1
停止,1
小桥流水,1
患癌,1
一同,1
challenge,1
刷机,1
走不动,1
志愿者,1
集训,1
热量,1
入室,1
奇异,1
山路,1
今夏,1
祖孙三代,1
钻心,1
隐居,1
元股,1
肉末,1
稳可,1
生态环境,1
宝莉,1
赛程,1
千篇一律,1
细菌,1
一模一样,1
九天,1
模范,1
稳坐钓鱼台,1
市卫健委,1
守诚者,1
风采,1
当初,1
低头,1
轻轻,1
深深,1
登顶,1
痛苦,1
朱定,1
鸡毛,1
樊振,1
停靠,1
脑要,1
续航,1
子弟兵,1
饶恕,1
拼图,1
不对劲,1
标识,1
太香,1
喝牛奶,1
血脉,1
退婚,1
花火,1
第十一年,1
开奖,1
洪豆,1
刘海,1
长生,1
奔泪,1
我校,1
调查核实,1
十位,1
后退,1
文艺,1
第一站,1
舍得,1
公务员,1
虫子,1
超越,1
就医,1
陷阱,1
入狱,1
浸种,1
开放,1
大厨,1
节骨眼,1
繁华,1
大拌,1
有目共睹,1
互殴,1
探访,1
产后,1
回民,1
咧开,1
肉鸡,1
动力,1
翻涌,1
要开,1
郑重,1
狠人官,1
发愁,1
仿制,1
羊湖,1
娃玩起,1
尼塞,1
服服帖帖,1
横店,1
草木,1
良益,1
帮忙,1
灵芝,1
淤泥,1
内乱,1
建筑设计,1
高三,1
石井,1
整只,1
岭上,1
追着,1
多难,1
棚里,1
香油,1
第三个,1
冷战,1
云桥,1
防治,1
足以,1
传其,1
堪比,1
腼腆,1
新加坡,1
黑棘皮病,1
江上,1
作物,1
安然,1
ds,1
我愿,1
桐话,1
捐款,1
徘徊,1
鼓掌,1
漫步,1
爆汁,1
知心,1
DJ,1
担架,1
持久,1
杨三,1
第十一名,1
渴望,1
划过,1
一步步,1
意义,1
发来,1
电视,1
成批,1
奋起,1
对海有,1
李恒辉,1
男贱,1
扑救,1
虽小,1
suo,1
宣和,1
端正,1
要准,1
物质,1
副董事长,1
公堂,1
艾叶,1
踏上,1
糯米,1
古时,1
外部,1
模模糊糊,1
湿漉漉,1
造船,1
报告单,1
功利性,1
编排,1
按压,1
被判赔,1
特立独行,1
挺身而出,1
督促,1
毛娘,1
围殴,1
太绝,1
铁山港区,1
醋意,1
冰川,1
口腔医院,1
露香,1
好奇心,1
金银花,1
爆改侯,1
外媒,1
有名有姓,1
气活,1
哀嚎,1
芳芳,1
充气,1
同意,1
避世,1
几百个,1
活动中心,1
箱子,1
审判,1
相亲,1
但太高,1
无能,1
本领,1
深陷,1
没见,1
暧昧,1
做饭,1
馆子,1
挽歌,1
预约,1
万音浪,1
SIXTA,1
整羊,1
江浙沪,1
实地,1
达康,1
业余,1
同区,1
电子,1
言情,1
肥嫩,1
马来西亚,1
配饭,1
好活,1
成年人,1
上焦,1
固定,1
个学霸,1
康复,1
港台,1
小丁,1
护法,1
不太会,1
美得州,1
松鼠,1
业内人士,1
温情,1
AJ,1
遗骸,1
顶得住,1
包了,1
坐车,1
自述,1
回寸寸,1
开拓者,1
亿稳,1
迎意,1
司法,1
威海,1
卖飞,1
岗不超,1
研磨,1
belike,1
地心引力,1
海水,1
他俩,1
绝情,1
复盘,1
黑黑的,1
突击,1
最靓,1
最伤,1
八块,1
正酣,1
硬核,1
冰岛,1
矿泉水,1
智商,1
更守规,1
碧螺春,1
小巫,1
天下第一,1
应用程序,1
攀岩,1
微博好物,1
经济社会,1
芳烃,1
观测,1
大得,1
日出,1
顾客,1
发光,1
清言,1
城堡,1
汤臣,1
急剧,1
捡菌名,1
ModelY,1
锦绣,1
fitcheck,1
下为,1
新规,1
足够,1
芦苇荡,1
半日,1
入托,1
洗完,1
没盆友,1
岭南,1
清香,1
心冬蜜,1
操盘手,1
调薪,1
把子,1
情况异常,1
案正,1
电池容量,1
天赐,1
分水,1
无情,1
接力棒,1
攀升,1
摩托,1
其三,1
看图,1
十几秒,1
外媒称,1
手游,1
课目,1
灵码,1
退役军人,1
齐聚,1
陡峭,1
外形,1
展厅,1
肉肉,1
封建,1
真布,1
曹云金献,1
国际,1
所住,1
说道,1
idle,1
民事,1
峡谷,1
风中,1
拉布拉多,1
直拍,1
饮食,1
brunch,1
播到,1
房贷利率,1
租客,1
劳动,1
武爱君来,1
马东,1
后悔莫及,1
蓝色,1
之爱,1
中说,1
兴起,1
新人,1
积分,1
掉电,1
路透,1
起降,1
捡回,1
营盘,1
表妹,1
尺寸,1
领取,1
百变,1
熊大妆,1
快来学,1
惊呆,1
受力,1
热水,1
少伟,1
赛季,1
回归祖国,1
受不了,1
留白,1
不卡颜,1
泄殖腔,1
发现自己,1
吃饭,1
沉默,1
信誓旦旦,1
登场,1
一千万,1
短时间,1
一律,1
晚期,1
好颜,1
确保,1
眼袋,1
民政局,1
外贸出口,1
提肛,1
两位,1
贵有,1
印象派,1
傻眼,1
奇妙,1
少数民族,1
图腾,1
手动档,1
下调,1
首期,1
测评,1
内外夹击,1
小黄,1
实验,1
遏制,1
板给力,1
带点,1
改写,1
知情人,1
火烈鸟,1
调色盘,1
世爱,1
合法,1
流淌,1
七座,1
三心二意,1
犯人,1
挺不住,1
一色,1
蚂蚁,1
扮演,1
档位,1
提名,1
百度,1
心目,1
慢跑,1
轰轰烈烈,1
反对,1
嘴角,1
需要的话,1
分化,1
金刚,1
位居,1
这组,1
发动机,1
一如既往,1
好贵,1
层次,1
戒指,1
认领,1
堆肥,1
达为,1
割肉,1
死要面子,1
功课,1
天呐,1
半小时,1
自然规律,1
劲舞,1
好惨,1
武汉,1
货色,1
北起,1
名宿,1
南至,1
仁刚,1
打量,1
规模,1
布拉,1
陆淮屿,1
地狱,1
称其,1
平常,1
罪名,1
前排,1
太值,1
报得,1
俄媒,1
哭戏,1
眼圈,1
联黎,1
记君到,1
双枪,1
笔触,1
老图,1
换来,1
精疲力竭,1
湛江舰,1
化赴,1
踮脚,1
九零,1
晨昏,1
无热,1
清洗,1
三杯,1
合唱,1
戴燕妮,1
海参,1
防护,1
乌克兰,1
提案,1
温柔,1
业委会,1
多有,1
不胫而走,1
长得帅,1
水象,1
硬上,1
差异,1
绍兴,1
万装,1
工作岗位,1
竟赖,1
会以,1
沙溢,1
一系列,1
看书,1
河狸,1
龚俊花少,1
任贤齐,1
副攻手,1
牢固,1
树叶,1
拒收,1
输注,1
女神,1
难以忍受,1
喜不自胜,1
赞点,1
两艘,1
楼上,1
痕迹,1
富家,1
余承东,1
红毯,1
佛山,1
肾经,1
行道树,1
高超,1
晚间,1
玛丽,1
估算,1
一买,1
荒谬,1
浸透,1
总有,1
红豆,1
皇之手,1
三次,1
接触,1
谈造车,1
李大日,1
架起,1
万帮,1
自愿,1
抬头,1
荷叶茶,1
轰炸机,1
要成,1
天马行空,1
双丰收,1
讲道理,1
胡先煦,1
洞房,1
拉腊,1
热传,1
恒山,1
看穿,1
载有,1
病虫害,1
包像,1
上将,1
费人,1
担忧,1
精致,1
高校学生,1
迈出,1
搞定,1
产科,1
yeah,1
条件,1
柴鸡蛋,1
马桶,1
张韶涵,1
审核,1
家用,1
料理,1
西栅羞,1
美的,1
白茶,1
黑茶,1
西米露,1
山水,1
赏非,1
微微,1
乐章,1
TrendsLive,1
五遍,1
熟悉,1
专利,1
关灯,1
平坦,1
宋朝,1
出土文物,1
纯属,1
舌尖,1
路人甲,1
兵非,1
公共,1
那套,1
而成,1
夜空,1
实习生,1
侵蚀,1
澄锦照,1
总产量,1
武神,1
阁下,1
第十二名,1
弥漫着,1
日宜,1
箫声,1
微博泪,1
去年,1
本科,1
精度,1
家庭版,1
胶状物,1
大肆,1
之王,1
中科院,1
凉脚,1
征程,1
脆爽,1
看清,1
无数,1
二手市场,1
腮红,1
好美,1
下架,1
必喝,1
手机电池,1
宠妻,1
数钱数,1
标志性,1
安稳,1
新华网,1
总值,1
亿点,1
挤眼,1
沈星,1
笔记本,1
无人机,1
斤贵,1
瓜瓜,1
浓度,1
纵深,1
脸是,1
四方,1
朝儿,1
交流活动,1
美制,1
告知,1
篷布,1
盛传,1
高甜,1
春生夏长,1
启东,1
问及,1
一条,1
分咸香,1
剪辑,1
果切,1
国务卿,1
小聪明,1
公鸡,1
莎莎,1
不显山不露水,1
桔子,1
年代,1
开挖,1
特辑,1
美妆小,1
煎蛋,1
人工,1
无奈,1
疑问,1
风来,1
无权,1
心跳,1
挪威,1
锅中,1
斐然,1
普法,1
共建,1
当大,1
TV,1
优势,1
王张,1
展现出,1
爬山,1
八段锦,1
走通,1
感触,1
朱高炽,1
店买,1
好评,1
汉韵,1
小熊,1
秀丽,1
侵犯,1
失联,1
解腻,1
脚步,1
违法,1
廖梅,1
帅到,1
鸡肉,1
配以,1
巴布亚新几内亚,1
怀中,1
开挂,1
联手,1
灭掉,1
风云,1
一话,1
训马,1
活人,1
团体,1
灵活,1
没本事,1
巨型,1
伊利,1
大厅,1
上天,1
回味,1
回真,1
欧文,1
进出,1
肿瘤医院,1
名媛,1
离奇,1
只想,1
该校,1
串联,1
能少,1
散发,1
旁观者,1
佛山市,1
彷佛,1
重大意义,1
获取,1
外省人,1
阴天,1
日记本,1
数艘,1
礼拜,1
模组,1
裘卫霖,1
被车撞,1
得准,1
殡仪馆,1
高铁,1
火刑,1
效应,1
谁料,1
沉甸穗,1
救命,1
行政,1
最短,1
短缺,1
关闭,1
北半球,1
男神,1
百尺,1
逃跑,1
反问,1
保卫处,1
领证,1
老丈人,1
经纪人,1
房奴,1
闪现,1
姓计,1
不酒,1
乙丙,1
像是,1
许清宜,1
无数次,1
暖炉,1
宝贝儿,1
运转,1
欠佳,1
马少伟,1
双臂,1
对簿,1
天才,1
发个,1
散乱,1
一手,1
曝出,1
名声,1
对岸,1
海肠配,1
卫健委至,1
老一辈,1
出击,1
改卖,1
太紧张,1
兰博基尼,1
破圈,1
地牢,1
涕别,1
含蓄,1
编造,1
翻天,1
镇定,1
为次,1
年轮,1
园林,1
我心,1
下令,1
jio,1
许凯,1
斑马,1
沿途,1
造型师,1
多环,1
捂着,1
地处,1
赞赞,1
每次,1
电量,1
开火,1
再生,1
变身,1
炮灰,1
痴人,1
进攻,1
了不得,1
每人,1
战斗力,1
yyds,1
查询,1
早盘,1
体面,1
十三年,1
文具,1
樱和小知,1
乌龙,1
收获,1
居内什,1
万出头,1
食安委,1
卖国,1
伤到,1
教师,1
字画,1
极限运动,1
穿书成,1
仁川,1
水喝,1
爆爱,1
着迷,1
一点点,1
没人,1
入场,1
影集,1
千阳,1
梦求,1
解开,1
前辈,1
外协,1
江河,1
常理,1
私房钱,1
可乐,1
总要,1
一间,1
果果,1
编辑部,1
厚厚的,1
导个,1
要领,1
东苑,1
未曾,1
人民剧场,1
培养,1
摆姿势,1
财劝,1
手边,1
最深处,1
水备,1
相比,1
炸毁,1
过刚,1
孙嘉璐,1
宋雨琦,1
转弯,1
京报,1
试用期,1
风清气,1
原本,1
碎碎念,1
青羊,1
耳语,1
争议,1
无聊,1
nathanielwise,1
这般,1
工厂,1
人真,1
街市,1
露天,1
法律援助,1
MV,1
奏效,1
纠纷案,1
压腿,1
成型,1
巨多,1
父子,1
同心,1
车闻,1
悟道,1
素不相识,1
乡下,1
露餐,1
结婚证,1
尽枕河,1
梓儿查,1
没用过,1
推出,1
雷总太牛批,1
日报社,1
自治区,1
贵气,1
夫婿,1
自行车,1
多一些,1
学不废,1
取代,1
IUD,1
全员,1
喘息,1
同步,1
改嫁,1
太大中长,1
穿书变,1
计划生育,1
毕书超,1
非要,1
重大进展,1
真怕,1
吹捧,1
母胎,1
一声令下,1
美颜,1
防灾,1
舒爽,1
看好,1
冠名,1
学法,1
凌乱,1
刘贺,1
传媒,1
刘超,1
摘星,1
流转,1
超丝,1
病情,1
挖走,1
判定,1
百事,1
局促,1
叔本华,1
发呆,1
错落有致,1
暖心,1
创下,1
具象化,1
救生衣,1
报表,1
指定,1
采购网,1
两所,1
金色,1
放飞,1
瘦成,1
发消息,1
拖泥带水,1
转椅,1
面膜,1
必知,1
不停,1
在校学生,1
电力,1
公安部门,1
弓步,1
黄茶,1
解放军,1
论文,1
直辖市,1
长安,1
不涩,1
出差,1
艾滋病,1
北京动物园,1
赶来,1
傍晚,1
梨园,1
饭菜,1
地方法院,1
忍得,1
病重,1
现任,1
堵养,1
工具,1
金晨,1
贝拉,1
先走,1
低温,1
胜率,1
改命,1
我学,1
泪少,1
集为,1
模样,1
疏离,1
假白富,1
分清,1
更能,1
乳酪,1
科学实验,1
太阳穴,1
靓丽,1
金牛,1
天二哈,1
私服,1
香港市民,1
杰倫,1
入手,1
灵堂,1
出牌,1
星辰,1
占据,1
绍兴市,1
问界,1
医学杂志,1
好运气,1
带到,1
我妈,1
上路,1
谬误,1
瞧不起,1
梦境,1
猴要,1
打架,1
今天下午,1
主乔染,1
山楂,1
三点,1
会轻断,1
达州,1
点点滴滴,1
今年初,1
空想,1
跳点,1
得分,1
泪乐,1
图里,1
愤怒,1
流汗,1
人祸,1
电源,1
首要分子,1
同框名,1
这套,1
超常发挥,1
好货,1
冰联,1
一包,1
西洋参,1
竞争对手,1
果子,1
转自,1
市面上,1
他家,1
各有所爱,1
声响,1
暴露,1
温水,1
挂包,1
碧水,1
笔下,1
热潮,1
双人,1
龙泉,1
三到,1
遭遇,1
既定,1
并称,1
杂优,1
苍翠,1
指挥所,1
第三名,1
集体,1
金兽,1
走马观花,1
不作,1
书桌,1
毕业,1
养鱼,1
秦到,1
枇杷,1
玩游戏,1
妈祖,1
农产品,1
一声,1
谈恋爱,1
小梓,1
毕业班,1
蛋鸡,1
毛里塔尼亚,1
茶用,1
足见,1
酸性,1
优缺点,1
黎巴嫩,1
真帅,1
一辆,1
中孝完,1
银耳,1
神志,1
构件,1
精通,1
俄及,1
陈旧观念,1
养宠人,1
山洪,1
发达,1
挑衅,1
海里,1
看吐,1
检索,1
红发,1
折射,1
赶走,1
我演,1
战士,1
油桶,1
加湿器,1
帝心,1
誓死,1
讨生活,1
GD,1
人二,1
向前,1
划破,1
郭晓婷,1
屠宰,1
顶呱呱,1
日落,1
夏季,1
苏南,1
有救,1
tg,1
关卡,1
急迫,1
油画,1
性质,1
服务项目,1
新加坡国立大学,1
潮流,1
权益,1
没劲,1
亚美尼亚语,1
肉饼,1
冲出,1
能助,1
浑浊,1
怪兽,1
开头,1
中无食,1
准备就绪,1
巨星,1
国产手机,1
要往,1
囤立,1
丫头,1
首尔,1
市值,1
保存,1
进化,1
耶耶耶,1
内蒙古,1
胎儿,1
两大,1
新高,1
牛羊,1
柔软,1
生命危险,1
塔塔酱,1
水稻,1
静静,1
流产,1
万彩,1
来信,1
政治家,1
满满的,1
偏执,1
明目张胆,1
谈不拢,1
过不去,1
费力,1
抬出,1
女巫,1
乌镇,1
对战,1
大洋,1
曾任,1
鬼火,1
接连,1
不留情,1
强国,1
深翻,1
粮食,1
王贺,1
偷偷摸摸,1
虚荣心,1
早破,1
搁浅,1
任免,1
山药,1
职务,1
备婚,1
决明子,1
遇上,1
诈骗罪,1
龙舞,1
林语堂,1
沁爽,1
史铁生,1
百香果,1
格局,1
隐匿,1
第七轮,1
妆画,1
舒穿,1
济公活佛,1
协商,1
大堂,1
林茉怒,1
九月,1
纠结,1
纯正,1
行路,1
蒲扇,1
交接,1
财阀,1
宾利,1
先讲,1
病理,1
欧豪生,1
六合,1
画地为牢,1
消化不良,1
之中,1
成语,1
家伙,1
咸香,1
穿梭,1
绿浪,1
顶部,1
丢人,1
竹子,1
可逆,1
爆量,1
王璞,1
预知,1
很多年,1
心灰意冷,1
秋收冬藏,1
服役,1
温言,1
爆棚,1
国新办,1
赞妮,1
麦克风,1
研读,1
市政府,1
寻求,1
洋文,1
东阳,1
女方,1
租房,1
能处,1
首轮,1
老太婆,1
添乱,1
春日,1
投案,1
切片,1
救济,1
之女,1
长大,1
陶器,1
西班牙人,1
熟度,1
美貌,1
八十年,1
韵味,1
Windows,1
天玉琮,1
风格,1
垫钱,1
热门,1
吃零食,1
西兴,1
南昌人,1
魔性,1
丢大,1
低点,1
溢出,1
黑豆,1
OST,1
老旧,1
开个,1
火情,1
观护,1
震耳欲聋,1
对拉要,1
防微博,1
动容,1
女主角,1
漫山遍野,1
日出日落,1
蜜瓜,1
抽出,1
果汁,1
很记,1
嘟嘟,1
卖不出去,1
锲而不舍,1
加大,1
抬腿,1
铁锹,1
诚恳,1
鼓曲,1
日式,1
日克而瑞,1
晚风,1
四选,1
哥们,1
合伙人,1
多长,1
奶香能,1
千亿,1
巴黎,1
铜臭,1
高质,1
万人,1
公交站,1
CT,1
生日会,1
饱受,1
放一放,1
大圣,1
走上,1
大火,1
一言不合,1
制品,1
丑陋,1
充电器,1
重力,1
停滞不前,1
选手,1
定海神针,1
演示,1
提及,1
称未,1
托底,1
两旁,1
没个,1
俄罗斯外交部,1
七级,1
检察机关,1
封存,1
平湖市,1
花草,1
吹拂,1
战略家,1
偷偷,1
齐全,1
死者,1
冰火,1
了如指掌,1
美丽,1
早该,1
武警,1
五千年,1
淮安,1
逆袭,1
厦门,1
涉刑,1
外衣,1
首都医科大学,1
便是,1
上课,1
大肚子,1
千万根,1
各有,1
江山,1
焦糖,1
小学,1
那怪,1
工行,1
异常情况,1
大楼,1
面包车,1
打湿,1
滑雪,1
咬佳,1
坐姿,1
满眼,1
碎片,1
多久,1
六级,1
宽敞,1
山泉,1
捂秋冻,1
西施,1
口粮,1
体会,1
朱瞻基,1
momo,1
环卫工人,1
天灾,1
村委会,1
期末,1
新果,1
胰岛素,1
保值,1
看护,1
烫烫,1
值班人员,1
念念不忘,1
嘴甜,1
奶香,1
破晓,1
原汁原味,1
高档,1
西游记,1
豆腐,1
胆战心惊,1
忍俊不禁,1
洒下,1
产物,1
初中生,1
南京队,1
寻失联,1
老规矩,1
散粉,1
孕期,1
狗狗,1
逆天,1
好人,1
善广乡,1
可宋,1
严选,1
高达,1
uma,1
法修,1
pose,1
花猫,1
胡吃海喝,1
集合,1
消费,1
语境,1
打打杀杀,1
扛起,1
金融,1
放置,1
野餐,1
全红婵,1
交换,1
彩色,1
茶叶,1
护身符,1
进店,1
实属,1
天大,1
地位,1
战为,1
扣肉,1
袅袅,1
辅助,1
折腾,1
委屈,1
追回,1
常说,1
中央财政,1
户外运动,1
独身,1
放下,1
理念,1
培心,1
砸伤,1
废料,1
简笔画,1
肾脏,1
玉说,1
失衡,1
祖上,1
线会,1
带个,1
研发,1
飞天,1
青蛙,1
四溢,1
之战,1
抓狂,1
梦回,1
凸显,1
房产,1
西乡县,1
文档,1
离开,1
多见,1
泡饭,1
好车,1
腰酸,1
深信不疑,1
校内,1
结了,1
夫妇,1
最低,1
掌握主动,1
兴安盟,1
转折处,1
现摘,1
密切相关,1
老钱,1
尊严,1
桑葚,1
显瘦,1
霍启刚,1
无耻,1
浓醇,1
挪车器,1
记事,1
一元,1
替身,1
张予,1
宝石,1
做好事,1
简评,1
事上,1
被捕,1
乐团,1
合集,1
拉马,1
击败,1
客观,1
畜生,1
传谣,1
本年度,1
浓密,1
江湖,1
萎缩,1
歪歪,1
后经,1
圆溜溜,1
周三,1
三位,1
水分,1
送花,1
HotHotHot,1
白月光,1
总医院,1
玻璃心,1
外国,1
拒嫁,1
佯装,1
百亿元,1
直观,1
资格,1
安全监管,1
一放,1
下同,1
保住,1
诊疗,1
凹凸不平,1
示范,1
十几个,1
使用率,1
soso,1
幸事,1
电力供应,1
心眼,1
分许,1
霸屏,1
睡颜,1
双硕士,1
无力,1
般的,1
饭后,1
画成,1
这辆,1
合拍,1
劳动者,1
难处,1
腹中,1
轮奸,1
教训,1
骗子,1
预备,1
备用,1
暂未,1
条鱼,1
尺度,1
远方,1
日南,1
步步,1
言行,1
工作量,1
下楼梯,1
安全感,1
三轮车,1
邻水,1
满怀信心,1
游戏规则,1
远山,1
下个,1
发推文,1
不超,1
行走,1
旺达,1
中性,1
闯世界,1
远扬,1
成效,1
独树一帜,1
发脾气,1
河道,1
本体,1
凉快,1
口渴,1
文稿,1
猜测,1
机会,1
退还,1
供能,1
拱手,1
低谷,1
MadisonChockEvanBates,1
早安,1
常感,1
超萌,1
熄灭,1
答题,1
APP,1
郑宗敏,1
期多,1
南岳,1
映照,1
忘记,1
万次,1
探索,1
义工,1
李连杰,1
清单,1
漫展,1
唠叨,1
潘展乐,1
拍个,1
台北,1
传下去,1
辉空,1
几套,1
亚冠,1
育苗,1
路在何方,1
允哒,1
利己,1
阳康后,1
势力,1
美国政府,1
美骗,1
低卡,1
反光,1
耗油,1
拿走,1
三式力,1
伊宁市,1
舟山,1
默契,1
满目,1
自持,1
宫廷,1
小羊,1
交通运输,1
解释,1
充实,1
难求,1
嚎到,1
不肯,1
而公知,1
五月份,1
靴子,1
牧草,1
瓶子,1
志愿,1
衬衫,1
被困,1
乐于,1
迎客,1
新城,1
值钱,1
扬起,1
包容心,1
发微博,1
白盼雪处,1
互动,1
不像,1
力荐,1
写出,1
春意,1
挽联,1
肠胃,1
懒得,1
填空题,1
离去,1
领导班子,1
我爸,1
斯文,1
多份,1
没关系,1
农家乐,1
长鸡,1
破防,1
千禧年,1
就会,1
逼迫,1
万俩,1
减弱,1
段时间,1
燃烧,1
以作,1
中丁,1
当局,1
一到,1
心凌,1
对前,1
好羡慕,1
分手,1
光遇,1
打转,1
规范,1
早就,1
数值,1
定制,1
被誉为,1
观景台,1
中出,1
一盆,1
矿浆,1
魔女,1
大得多,1
行程,1
门禁,1
鱼线,1
对大,1
冰冷,1
秘语,1
棋下,1
绕道,1
解决不了,1
我租,1
心心,1
四季,1
涪陵,1
两吨,1
汽油桶,1
有手,1
远离,1
迷人,1
结快,1
迦陵频,1
填鸭式,1
吃饱,1
竟以,1
沙漠,1
梅菜,1
跳水,1
他会,1
上饶,1
中奖,1
南京博物院,1
过活,1
扛得住,1
独行,1
六十周年,1
小贴士,1
交杯酒,1
老鼠,1
排队,1
穴能,1
抽筋,1
版图,1
外过,1
发热时,1
嫔妃,1
口气,1
pdf,1
避坑,1
丞相,1
芝芝酪,1
镇痛,1
筹码,1
鼓舞,1
押金,1
带给,1
李青,1
外交官,1
全天,1
大众,1
期限,1
无处,1
极少数,1
花费,1
聪明,1
彩妆,1
ost,1
极简,1
请客,1
翻炒,1
课后,1
南山区,1
六只,1
泥土,1
石头,1
好几万,1
藿香,1
厮守,1
MAGMAZ,1
DNA,1
呐喊助威,1
刨子,1
淹没,1
大半,1
店主,1
总结经验,1
人际沟通,1
舍不得,1
讲述,1
翠绿,1
吃面,1
竟能,1
烧鸡,1
保险,1
明清,1
毕业生,1
一地,1
删减,1
吸烟,1
眼角,1
唐河,1
第六感,1
手工课,1
中小学校,1
收集,1
海上,1
化州,1
棚子,1
花絮,1
杨议,1
房型,1
人为,1
出窑,1
余明涛,1
日月,1
手可摘,1
服务站,1
整地,1
瀑亭系,1
副总,1
穿镇,1
多所,1
那场,1
巡演,1
老爸,1
储物柜,1
接口,1
温婉,1
评估,1
耗电,1
BBA,1
漫延,1
顶尖,1
答应,1
挪动,1
如同,1
自尊心,1
摆在,1
最少,1
党支部,1
低腰裤,1
打车,1
人笑,1
多产,1
路径,1
全数,1
意想不到,1
值班室,1
南半球,1
慰藉,1
下辈子,1
灰度,1
临走时,1
热巴,1
自卑,1
起火,1
姜妍,1
打不中,1
激烈,1
发音,1
勇气,1
布满,1
军民,1
素材,1
纯净,1
而来,1
庄子,1
步伐,1
大熊,1
不败,1
琪琪,1
水炮,1
Steve,1
抱紧,1
杜良镇,1
稳重,1
洪涝灾害,1
十百,1
防寒,1
解救,1
耐心,1
viady,1
我趣,1
势均力敌,1
罢免,1
算法,1
毒源,1
多位,1
几张,1
泡沫,1
第十六次,1
紫色花,1
坐飞机,1
风吹日晒,1
清晨,1
沉闷,1
试图,1
共创,1
厕标,1
面时,1
北仑区,1
八项,1
家常菜,1
刹车,1
冷漠,1
本文,1
不感兴趣,1
宏伟,1
华人,1
期望,1
宝爸,1
吃席,1
起诉状,1
大连市,1
海豹,1
遵循,1
读错,1
编舞,1
新店,1
认定,1
当水泼,1
长柄,1
找回,1
疲惫,1
不争,1
长时间,1
卫视,1
可不是,1
可乐吧,1
有期徒刑,1
焦虑,1
遗迹,1
骄阳似火,1
第七,1
护士,1
几句话,1
季节,1
小鸟,1
生抽,1
巨蛋,1
有模有样,1
黏人,1
供应商,1
某良,1
年度,1
上半身,1
心无所,1
提示,1
下饭,1
不易,1
日抖音,1
歌声,1
幼稚,1
几枚,1
树影,1
手袋,1
突破,1
人坏,1
懒人,1
配方,1
穴位,1
无限量,1
回调,1
钮祜禄,1
低沉,1
中医,1
问答题,1
AASM,1
回避,1
建造,1
齐刷刷,1
月初,1
北约,1
拍客,1
苹狗,1
佩服,1
振奋人心,1
这句,1
初夏,1
梵高,1
绿釉,1
买房,1
很小,1
以正视听,1
严正,1
鲜嫩,1
白好馆,1
迈向,1
焦点,1
新臻彩,1
草坪,1
姐夫,1
小编,1
不教,1
手把手,1
锭子,1
高阶,1
天凉,1
遛弯,1
田埂,1
白云区,1
医术,1
几艘,1
娶妻生子,1
首站,1
引雷,1
着实,1
肠清,1
卡到,1
唯快,1
乌龙茶,1
个人账户,1
传播网,1
万福,1
专属,1
弗拉门,1
冷饮,1
火拉到,1
浪费,1
贵吃后,1
来会,1
万年,1
形似,1
说成,1
拜望,1
挺好用,1
收盘价,1
爱腻,1
香软,1
裂痕,1
牵拉,1
笔记,1
军事,1
政敌,1
打翻,1
气晕,1
段子,1
看雷,1
一次性,1
玉壶,1
菜刀,1
犯下,1
适应性,1
同性,1
造车,1
香溪,1
摧残,1
着力,1
日至,1
孕妈,1
中闯出,1
抓住,1
招走,1
断断续续,1
刻入,1
面相,1
优化,1
撒尿,1
交会处,1
营造,1
反攻大陆,1
命名,1
抑郁,1
陈桥,1
爬楼,1
开辟,1
花生,1
马尾,1
喂猪,1
拷贝,1
敏捷,1
同村,1
掀桌,1
小巧,1
水蜜桃,1
实据,1
出品,1
收押,1
睡不着,1
称道,1
多种类型,1
相框,1
毛球,1
团助农,1
桌面,1
目睹,1
黑龙江,1
新顶配,1
附赠,1
杨柳,1
柳韵,1
毕节,1
何惟芳,1
芳名,1
危害,1
教养,1
降暑,1
长沙,1
位于,1
名叫,1
喜爱,1
小溪,1
塑化剂,1
快活,1
权志龙,1
公告,1
心仪,1
热到,1
一幕幕,1
一份,1
男人,1
圣体,1
重伤,1
玉璧,1
赛富,1
支队,1
变形,1
变多,1
腿软,1
西雷拉,1
更大,1
无趣,1
纠葛,1
上级,1
不乏,1
一团糟,1
留着,1
戒糖,1
侠之大者,1
老照片,1
开会,1
乐不出,1
和约,1
Jungle,1
新英格兰,1
秦明,1
饰演,1
基因,1
万一路,1
能保命,1
架设,1
到场,1
牛津,1
令人惊叹,1
在生活中,1
青川县,1
课程,1
四样,1
每月,1
螺旋线,1
还换,1
闪耀,1
雕琢,1
北大,1
萨姆,1
上身,1
加仓,1
刚买,1
捡回来,1
全人类,1
战火,1
灾区,1
太坏,1
增量,1
抿嘴,1
先不说,1
李贞兰,1
照抄,1
跑友,1
震动,1
情况通报,1
车一到,1
发动,1
水量,1
助农,1
脸型,1
练车,1
叫用,1
七次,1
惨状,1
推向市场,1
落户,1
鹅蛋,1
月生,1
傅秋,1
五谷杂粮,1
聚集,1
开颅,1
足尖,1
杀夫,1
告上,1
tuantuan,1
合上,1
西湖,1
妖魔,1
变化无常,1
脂肪酸,1
大于,1
反弹,1
枝叶,1
精美,1
行带,1
上海复旦大学,1
回乡,1
产粮,1
非去不可,1
邯郸市,1
顺利,1
拘谨,1
戈编舞,1
跪求,1
有机肥,1
炖炖,1
打出,1
文案,1
大肚腩,1
纯元,1
那次,1
脸爽,1
继承人,1
攻不破,1
得不到,1
穿越时空,1
深邃,1
素养,1
pusy,1
地里,1
胡萝卜,1
红果,1
小事,1
暴殄天物,1
王玺,1
赏味期,1
通勤,1
国博,1
一个个,1
不懂事,1
因过,1
参透,1
雇佣,1
旅行车,1
省钱,1
哀悼,1
君拉群,1
相控阵,1
定律,1
舆论,1
新任,1
棒球帽,1
憔悴,1
彰显,1
市场价,1
原料,1
罗马柱,1
上百人,1
世界末日,1
一千块,1
打光,1
撂荒,1
网炸街,1
拿下,1
普洱茶,1
常考,1
包年,1
翻面,1
中长,1
自食其力,1
称为,1
改善,1
画爽,1
茅台,1
委副,1
帅二哈二哈二哈,1
真真,1
二刷,1
妇产科,1
该分,1
日日夜夜,1
第一份,1
顶不住,1
恒王,1
时刻,1
金龙,1
美缝,1
被称作,1
榜为,1
利用,1
羊肉,1
题为,1
风吹,1
冬蜜,1
骗取,1
中途,1
lysk,1
细嫩,1
葡萄,1
同担,1
男主,1
后涨,1
捷达,1
天崩地裂,1
二十多,1
截然不同,1
暴躁,1
事务所,1
保家卫国,1
朱见深,1
城西区,1
想得到,1
立体,1
饥饿感,1
化骨绵,1
热爱,1
小鱼,1
洋品牌,1
老戏骨,1
任重道远,1
舞到,1
抱团,1
非凡,1
空姐,1
掩盖,1
我飞,1
散货船,1
控制,1
疼痛,1
烦死,1
扩岗,1
前方,1
聊得,1
图图,1
房里,1
喝咖啡,1
基奇,1
事业有成,1
态度,1
真真假假,1
救热晕,1
反思,1
误导性,1
生完,1
摆货,1
小时候,1
XR,1
袅袅婷婷,1
受益,1
六年,1
中意,1
第一名,1
党委会,1
要闻,1
emo,1
ta,1
多到,1
席玮,1
装潢,1
胃要,1
共舞,1
高处,1
读完,1
佐以,1
路边,1
鼻姐,1
泰坦尼克号,1
王曼昱林,1
评分,1
防暑,1
叽叽喳喳,1
松果,1
语录,1
新气象,1
酱汁,1
好久没,1
几十万,1
昵称,1
沈阳,1
管用,1
伪装,1
皇族,1
打香,1
网课,1
称狗来,1
颜值赛,1
权杖,1
隐瞒,1
任洪宇,1
温开水,1
乱动,1
甬台温,1
原则,1
大可不必,1
三口,1
古建,1
完课,1
瘦身,1
合肥,1
外界,1
南下,1
高山,1
白敬亭,1
引火,1
奇石,1
清朗,1
凶残,1
底气,1
这艘,1
女主怒,1
外出血,1
起身,1
鲜奶,1
碎肉,1
新馆,1
预防,1
香醋,1
名山,1
缓解,1
别超,1
绝不能,1
亿吨,1
失忆,1
偏见,1
伍佰是,1
下星期,1
特征,1
本来,1
烫手,1
机型,1
难受,1
换台,1
筹划,1
莆田,1
手术,1
疯来,1
秦月,1
骑着,1
湖上,1
击中,1
大学,1
第四个,1
诙谐,1
三张,1
租赁,1
吉隆坡,1
绿豆,1
大峡谷,1
阳明,1
考过,1
沈纪安因,1
汉中,1
内经,1
大丰收,1
越住,1
全集,1
征服,1
放暑假,1
李一桐,1
亲子,1
温网,1
hin,1
起床,1
牧羊人,1
低空,1
血脂,1
重做,1
香气,1
每克,1
西汉,1
下海,1
Grlttt,1
后量,1
love,1
熟好,1
高中数学,1
出家,1
商业价值,1
暮光,1
盲目,1
证据,1
死撑,1
盘中,1
兽用,1
百搭碎,1
先到,1
符合,1
回报率,1
大挖,1
育见,1
江苏省,1
卖掉,1
受饥,1
太多本,1
制糖,1
Kpop,1
时时,1
增收,1
放榜,1
卡点,1
别太,1
怀旧,1
听得,1
蒜泥,1
庆幸,1
数罪并罚,1
西北,1
高架,1
原色,1
真香,1
万幸,1
超跑,1
闲云,1
躺倒,1
住房,1
称焦,1
不佳,1
门票,1
洗脑,1
沙拉,1
祖国,1
饱和,1
名称,1
燥热,1
面色苍白,1
累到,1
下捞,1
事发,1
发低,1
高压电,1
之力,1
地质,1
地理位置,1
不拔,1
溯源,1
成就,1
拥抱,1
惠苑,1
朝代,1
度夏,1
此景,1
不争气,1
舰载机,1
上调,1
在校,1
赔偿,1
脚趾,1
太萌,1
顾子,1
手忙脚乱,1
昨日,1
仓库,1
危难,1
世界排名,1
可太牛,1
一百一十,1
礼物,1
大爱到,1
逼婚,1
出事,1
落幕,1
张牌,1
创新型,1
之路,1
有没有,1
千亿美元,1
乐王,1
羊群,1
运气,1
游玩,1
土层,1
言冰云,1
预警系统,1
水稻田,1
并用,1
布设,1
儿鲜,1
晕倒,1
谷粒,1
讲好,1
不良,1
辛弃疾,1
真熬,1
林展,1
访美,1
穿行,1
野史,1
变床,1
必备,1
罗意威,1
运兵车,1
选不对,1
轻盈,1
桃心,1
第五次,1
三色,1
人活,1
类型,1
气场,1
不在意,1
物理,1
剪个,1
康后,1
民营,1
判决,1
五脏,1
所涉,1
立直,1
地库,1
紧凑,1
媳妇,1
蛋白,1
订单,1
女主岳雨婷,1
挖菌,1
轻点,1
店风,1
看会,1
严家,1
残余,1
爽爽,1
录像,1
只为,1
这葛仙村,1
记得,1
施行,1
偷懒,1
可惜,1
AEB,1
贪官,1
妇救会,1
载人,1
裂个,1
生火,1
还手,1
刘嘉肖林敏赖,1
田曦,1
声称,1
贝宁,1
在家,1
兵哥哥,1
show,1
积极探索,1
烟花,1
属地,1
迷信,1
影城,1
致多人,1
惨死,1
炸弹,1
出题,1
水坑,1
蛋白石,1
改种,1
破坏,1
执迷不悟,1
玩上,1
杨先生,1
认账,1
详解,1
详看,1
差池,1
灌溉,1
中央政治局,1
仔细,1
北山,1
华丽,1
敲击,1
握权,1
计较,1
报恩寺,1
描述,1
蛋炒饭,1
Pleasure,1
议题,1
头条,1
一首歌,1
下颌,1
拍戏,1
棉红,1
生态,1
馆长,1
回收,1
休息室,1
丁程鑫露,1
耕地,1
深坑,1
内燃机,1
五百,1
被遗弃,1
看台,1
症状,1
镇白龙,1
一角,1
光晕,1
冷风,1
压根,1
概率,1
人饭,1
频频,1
要够,1
读音,1
下基层,1
闪过,1
挑着,1
马住,1
惹事,1
难住,1
代码生成,1
眷恋,1
软弱,1
日湖,1
千秋,1
米其林,1
阻断,1
三件,1
大半瓶,1
这台,1
中原,1
设有,1
排水沟,1
新一届,1
问到,1
偶像剧,1
聊车,1
枸杞茶,1
女朋友,1
内驱力,1
茶香,1
猪油,1
课外,1
外贸,1
团结,1
孟佳,1
罚没,1
尼克松,1
抱树,1
可控,1
失智失,1
二站,1
报价,1
大熊猫,1
较真,1
叶之夏,1
负心人,1
一纸,1
唤醒,1
鱼带,1
南街,1
猫界,1
沉没,1
吸毒,1
冷杉,1
意愿,1
颗粒,1
接过,1
先行,1
枞开,1
掩护,1
专场,1
瓦良格,1
蒙心,1
承包,1
蜿蜒,1
丢下,1
淋浴间,1
拉科,1
红茶,1
行李箱,1
京东,1
侵略,1
措施,1
称上,1
洪涝,1
霸王,1
宋书,1
流星雨,1
摆摊,1
转场,1
稳岗,1
乐高,1
十四届,1
科学家,1
开合,1
优质,1
处级,1
太暴,1
不死肠,1
餐点,1
廊坊,1
冰山,1
主题曲,1
无能无力,1
人间,1
张国伟,1
全靠,1
做出,1
仅能,1
香芋,1
策马,1
速来,1
乘车,1
这起,1
衣着,1
行情,1
大涨,1
打仗,1
演习,1
BAYSAW,1
投票,1
实体,1
揭开,1
气象学家,1
机体,1
底层,1
声浪,1
盛典,1
方案,1
偏爱,1
时装周,1
芒果,1
选摘,1
本站,1
集穿,1
挖槽,1
哀求,1
抗干扰,1
反正,1
巴菲特,1
十大,1
国军,1
室外,1
储备,1
豆包,1
起效,1
喝茶,1
报案,1
一博破次,1
避风港,1
更狠,1
争相,1
短短,1
凉鞋,1
没等我,1
两张,1
生姜,1
看家,1
安常,1
上虞,1
月亮,1
审签,1
君心,1
分层,1
服务中心,1
宋亚轩,1
数字,1
太精彩,1
家当,1
策略,1
一夜,1
几何,1
这类,1
中称,1
老母鸡,1
打球,1
身患,1
很久很久,1
果香,1
原装,1
周年,1
雷达探测,1
汉光,1
新开,1
只想出,1
小夜灯,1
费神,1
慕容,1
目鹿晗,1
Pixel,1
小节目,1
安徽,1
少数派,1
飞晕,1
六条,1
废弃,1
专注,1
MAGICSEAS,1
胜败,1
蟠桃,1
阵容,1
人买过,1
乳粉,1
与时俱进,1
上限,1
纯甜,1
追寻,1
参保,1
改回去,1
摸鱼,1
DAYTOY,1
光阴,1
读心术,1
状况,1
没来由,1
粗去,1
现象,1
幻想,1
新路,1
中国气象局,1
舞超话,1
采取措施,1
十几块,1
激光,1
神奇,1
阳光,1
分离,1
锦葵,1
出生,1
花香,1
出圈,1
黑白分明,1
碰到,1
嘴部,1
一言难尽,1
灯塔,1
蜡笔小新,1
鄞州,1
终获,1
人用,1
蒋君,1
吓唬,1
觅光,1
会长,1
散文诗,1
一己,1
携娇夫,1
文旅,1
光转,1
鸣潮,1
湖南,1
深得,1
村上,1
会鼓,1
钟表,1
因患,1
锈迹斑斑,1
文心,1
浓郁,1
投注,1
越吵越,1
原是,1
发推,1
喝水,1
阳台,1
观音,1
称树子,1
总务处,1
ty,1
直腰,1
王一博,1
飞秒,1
足球场,1
樱漫展,1
碾过,1
厨师,1
人泪,1
枞菌,1
干粮,1
男频,1
中专,1
面团,1
黑线,1
婚约,1
布丁,1
云淡风轻,1
英雄传,1
部下,1
朱祁钰,1
喻茂,1
岗位,1
完班才,1
时不带,1
最快,1
腐熟,1
喜怒哀乐,1
上帝,1
喀尔墩,1
人性,1
四十多岁,1
皮肤科,1
免费,1
智谱,1
宣传周,1
自威,1
头疼,1
清唱,1
各大,1
夺权,1
呼啦圈,1
保养,1
水阁,1
治病,1
指着,1
横跨,1
蓝大,1
去逛,1
发掘,1
尼勒克县,1
雕塑,1
六爷,1
承包单位,1
刘慧君,1
礼貌,1
周氏,1
脱妆,1
得名,1
复购,1
拉升,1
养老,1
入侵,1
背景图,1
化石,1
开仓,1
花纹,1
败类,1
黑暗,1
锐评,1
女明星,1
切好,1
剧里,1
商人,1
俄媒称,1
普通人,1
CHR,1
拼接,1
棉被,1
搞不懂,1
日苏超,1
头茬,1
公安局长,1
林诗栋,1
相处,1
酸酸甜甜,1
融屏,1
名牌,1
落日,1
胳膊,1
线下,1
油当量,1
tabata,1
盛宴,1
已帮,1
一查,1
CR,1
带足,1
刷屏,1
同学会,1
内地,1
海天,1
所思,1
怀抱,1
转脸,1
王朝,1
刻进,1
突袭,1
显白,1
搭档,1
地步,1
寂寂,1
霸王龙,1
看中,1
RL,1
高难度,1
人间烟火,1
无痛,1
嗓门,1
拆开,1
布局,1
出逃,1
多买,1
砖画,1
原封不动,1
枪械,1
余华是,1
有心,1
电梯,1
青石板路,1
备查,1
爆单,1
滚圆,1
悔不当初,1
侵略者,1
雨大,1
外头,1
归纳,1
烧烤,1
炎炎,1
酥油,1
眼球,1
杜绝,1
陈女士,1
落后,1
这女,1
处罚金,1
冷静,1
银龄,1
奋斗,1
爱人,1
纪实,1
惊人,1
重庆市公安局,1
半人,1
朝夕,1
原班人马,1
万圣节,1
柔灯,1
憋屈,1
果核,1
awslawslawsl,1
矫治,1
要离,1
履行,1
十万火急,1
叫泽,1
忆秦娥,1
广安,1
风扇,1
嘉兴,1
诸多,1
正史,1
诠释,1
Happybirthdaymybabygirl,1
决策,1
让步,1
历代帝王,1
瘸腿,1
新西兰,1
大乾,1
肾要,1
事实上,1
心理疾病,1
几粒,1
华夏,1
周五,1
赏月,1
少主,1
自取,1
抠门,1
警情,1
拓维,1
滑跃式,1
晒太阳,1
上方,1
比男兵,1
入院,1
复旦大学,1
每一处,1
爽滑,1
大观园,1
之欣心,1
缺乏,1
稍微,1
白练,1
嘿嘿,1
往上走,1
肺要,1
盲区,1
面临,1
柯基,1
两根,1
两重天,1
独山子,1
竹林七贤,1
无可厚非,1
舞步,1
随地,1
随即,1
和狐族,1
跌下来,1
转向灯,1
今日说法,1
常用,1
双重人格,1
棚内,1
时怕,1
阴虚,1
权重,1
几位,1
伊朗核,1
肯德基,1
刺痛,1
德布,1
走出,1
万亿千瓦时,1
刀具,1
四点,1
玩水,1
毁灭性,1
popping,1
涨到,1
变革,1
查分,1
被窝,1
教室,1
玉叶,1
太远,1
扎根,1
吵吵,1
惨案,1
口中,1
精明,1
石油,1
欺上瞒下,1
补电,1
咸甜口,1
门路,1
市场经济,1
打赌,1
电烙铁,1
依河,1
大大的,1
老虎,1
乐秒,1
地板,1
港姐,1
李尚洙,1
女排,1
品类,1
骨骼,1
量放够,1
股价,1
砸头,1
多言,1
架成,1
组四,1
快存,1
发酵,1
不知,1
专项,1
焚曜,1
生病,1
新知,1
卤汁,1
温柔体贴,1
细小,1
断章取义,1
排面,1
断簪,1
晒过,1
存儿,1
晕厥,1
双鱼,1
湿帘水培,1
十几,1
医疗器械,1
采用,1
结算,1
丁禹,1
批准,1
电报,1
馥郁,1
逮捕令,1
大全,1
小子,1
兰亭,1
室版,1
细品,1
杂志,1
运镜,1
王宁,1
追逐,1
脆弱,1
躲避,1
果皮,1
开发商,1
子宫,1
买来,1
唇膏,1
直面,1
扫地出门,1
绽放,1
下定义,1
一处,1
博士后,1
别怕,1
宅急,1
引虫,1
抚养费,1
便民服务,1
解说,1
晚熟,1
顶住,1
梗扎,1
医护人员,1
宋雨颜,1
热茶,1
走走,1
三中,1
华银,1
朝野,1
三刷,1
收紧,1
升职,1
这下,1
一并,1
打招呼,1
悲赞,1
深化,1
宣城,1
沈逸寒,1
汁水,1
上市公司,1
床头,1
万亿元,1
藏匿,1
邋遢,1
肺炎,1
该类,1
火锅店,1
童年,1
货币,1
多亿,1
兜底,1
傲慢,1
自称,1
开花,1
零件,1
永磁,1
初体验,1
拜见,1
疤痕,1
引下来,1
仅剩,1
不起眼,1
配文考,1
厘米,1
shinya,1
同框,1
口令,1
赵登禹,1
野生,1
拿到,1
不太准,1
说法,1
大儿子,1
文潇息,1
小说,1
中介,1
若虫,1
变美,1
武装部队,1
山没到,1
在园,1
三胞胎,1
夏联,1
发大,1
石末,1
太近,1
合作伙伴,1
原生,1
看千灯,1
享乐,1
爬起来,1
补涨,1
怪罪,1
国办,1
融化,1
水利部,1
搭载,1
李先生,1
称有,1
这辈子,1
狐狸,1
参选,1
名义,1
DIY,1
一个名,1
仙乐,1
captain,1
无力感,1
听从,1
左右脚,1
救救,1
商家,1
怒气,1
七百,1
生理,1
欧若风,1
痛哭,1
本智,1
狼狈,1
逆光,1
更强,1
火箭,1
小气,1
首都,1
指引,1
腻子,1
湖海,1
一脚,1
国务院,1
资金,1
说唱,1
武进,1
两姐妹,1
旅途,1
张图,1
后盖,1
输出功率,1
软葱香,1
妻女,1
夜晚,1
滋味,1
sky,1
变动,1
一泓,1
历程,1
中国籍,1
洋姜,1
明年,1
起猛,1
老钱感,1
信仰,1
制止,1
签名,1
脚底,1
我省,1
南联盟,1
水泡,1
犹豫不决,1
桂花,1
半封闭,1
艺术家,1
骨头,1
守护者,1
黄景,1
盐水鸭,1
嘉宾,1
坐在,1
卡车,1
天恩,1
杀青,1
外表,1
上空,1
发过来,1
评测,1
画布,1
美成,1
逮到,1
镇兴园,1
第二期,1
盛阿香,1
打造,1
决心,1
大清,1
现代科技,1
这方面,1
画家,1
激活,1
难免,1
红枣,1
比较清楚,1
黑人,1
肖战藏,1
开张,1
朱棣,1
缩放,1
港片,1
日本政府,1
每组,1
针锋相对,1
号德云,1
漫画,1
扫帚,1
水源,1
造梗达,1
真心,1
救生设备,1
富含,1
自然而然,1
避难,1
辽宁大连,1
闪送点,1
犯罪集团,1
指示精神,1
潼学录,1
枯萎,1
残忍,1
一幕,1
超人,1
死不承认,1
无论是,1
小脑,1
指挥室,1
高科技,1
深爱,1
小肚子,1
陶渊明,1
伴着,1
游泳,1
城乡,1
洗牌,1
纪委,1
小儿,1
饱胀,1
驱逐舰,1
和谐,1
能花,1
很香,1
地迎,1
预售,1
晏殊,1
公益金,1
USJ,1
外网,1
换装,1
带齐,1
只选,1
收边,1
说不定,1
最高人民检察院,1
女将军,1
跌到,1
朵朵,1
布好,1
背叛,1
接机,1
右手,1
军事家,1
一家人,1
杯盖,1
出众,1
北方,1
青筋,1
父辈,1
破冰,1
失控,1
整齐,1
主理,1
地带,1
部落,1
读过,1
动感,1
平底锅,1
珠宝,1
数资,1
西南,1
监督机制,1
美美,1
闺龄,1
可选,1
暴风,1
说起,1
据甬金,1
中等,1
多道,1
画画,1
卢梭,1
久坐,1
军方,1
治疗,1
鱿鱼,1
现实主义,1
智障,1
搭子,1
巨峰,1
CB,1
发起,1
无臂,1
劳动合同,1
境内,1
急性子,1
死死,1
座椅,1
健闻,1
静静的,1
马鞍,1
变月,1
鹤岗,1
因够,1
高速行驶,1
无尽,1
脱鞋,1
简易,1
甜空,1
家乡,1
所及,1
天经地义,1
靠山,1
形势,1
此举,1
不减,1
活检,1
五百多个,1
两项,1
善意,1
代人,1
舒坦,1
猫们,1
全智贤,1
种下,1
徐浩,1
大满贯,1
八百个,1
犬刻,1
六架,1
之变,1
嘲讽,1
翻滚,1
辖区,1
王之王,1
逆龄,1
用心,1
一病,1
一选地,1
四五十岁,1
人类学,1
改用,1
爽多,1
成行,1
姑娘,1
裁减,1
占星,1
主线,1
付款,1
局中人,1
支票,1
压缩,1
尼据,1
偏高,1
腰板,1
自以为是,1
集邮者,1
嗑瓜子,1
压岁钱,1
肖战藏海,1
发电量,1
强迫,1
开检,1
未婚先孕,1
怨灵,1
大城市,1
DJSnakeSelenaGomezOzunaTakiTaki,1
爱慕,1
经典之作,1
大批量,1
交通,1
刚出生,1
环节,1
蜷缩,1
云念柔,1
冲击,1
满仓,1
工程施工,1
阿莱娜,1
瓜好,1
沉重,1
唐三彩,1
正确,1
凝聚,1
弹匣,1
膻味,1
白首,1
詩棟,1
版饼,1
淫秽物品,1
旁边,1
千问,1
科研人员,1
站队,1
浑然不觉,1
天打,1
风机,1
大佬,1
民法典,1
烘培,1
每毫升,1
色色色,1
灿烂,1
路程,1
偷藏,1
体量,1
日好,1
总在,1
大方,1
透过,1
凉茶铺,1
唱当,1
总能,1
心意,1
走心,1
所说,1
完滿,1
早已,1
支气管,1
重获,1
亲吻,1
小小的,1
猴哥,1
第二天,1
保全,1
万助,1
龚俊,1
第六次,1
丈量,1
居民楼,1
帮带,1
两期,1
几集,1
PPT,1
水肿,1
目鱼,1
上明,1
过关,1
可比,1
紧致,1
赡养费,1
于用,1
不惜一切,1
贵州省,1
监测数据,1
摊上,1
还原,1
团肖战,1
房租,1
逛逛,1
不犯,1
还少,1
南路,1
瞩目,1
汪順,1
木有,1
围坐,1
演出季,1
气象台,1
往家,1
同一个,1
内为,1
一滴水,1
政府军,1
体征,1
休养,1
粉丝网,1
吸引,1
惯犯,1
反噬,1
近百名,1
咸涩,1
中三大,1
吃个,1
分奶,1
萌芽,1
抚慰,1
陈丽君点,1
呼唤,1
百分百,1
住院,1
语塞,1
海传,1
目的,1
车民,1
印记,1
动物园,1
一所,1
厌倦,1
双下巴,1
几米,1
审查,1
癫狂,1
相逸王,1
身旁,1
lhc,1
女兵,1
shi,1
冲到,1
悄然兴起,1
股东,1
忍忍,1
半身,1
空袭,1
细细,1
单品,1
铁板,1
自驾游,1
吊打,1
渣打,1
过电,1
炼铁,1
一文,1
深红,1
奔波,1
基底,1
躲过,1
集团股份,1
公斤,1
不怒,1
强烈推荐,1
能记,1
万岁,1
总陆子,1
化妆,1
实名,1
胡适,1
设宴款待,1
自觉,1
不疾不徐,1
先试,1
绝绝子,1
蜂巢,1
库兹涅佐夫,1
口不割,1
林俊杰,1
美瞳,1
哇啦,1
访问,1
这首,1
壮举,1
车速,1
中快,1
传出去,1
同龄人,1
啤酒,1
查出,1
五人组,1
麻药,1
减不掉,1
首场,1
实打实,1
玛特,1
上伴,1
挂号信,1
花儿,1
画质,1
文书,1
毫升,1
可人儿,1
捷克,1
绿树成荫,1
系锁屏,1
玫瑰花,1
Applelog,1
比拼,1
当存点,1
绿是,1
图系,1
完嘴,1
双腿,1
方宏宾,1
虎视眈眈,1
刘礼鹏,1
正气水,1
梦想,1
张神图,1
回绝,1
粉墙黛瓦,1
中文版,1
起个,1
平静,1
堵车,1
六个,1
依托,1
哇声,1
脑中,1
松口,1
潍坊,1
鼻田栩宁,1
二手房,1
木雕,1
库尔斯克,1
剩菌别,1
这组图,1
赵匡胤,1
罗曼里,1
花青素,1
职业,1
责任心,1
发行中心,1
气候,1
嗨哟,1
脱缰,1
瘦下来,1
后路,1
仇敌,1
消化系统,1
判处,1
半决赛,1
遇事,1
阴险,1
太空,1
相山区,1
福州市,1
落泪,1
架构,1
若若君,1
收留,1
高量,1
起到,1
本次,1
构建,1
逮捕,1
甬金,1
上线,1
芙蓉,1
中世纪,1
罐无糖,1
流畅,1
haihia,1
身姿,1
字头,1
商量,1
特色菜,1
白切,1
演训场,1
载量,1
条长,1
cp,1
瓜裂,1
黎巴嫩人,1
二手,1
哥们儿,1
历经,1
强震,1
夹杂,1
淫秽,1
恨不得,1
奖牌,1
一共,1
der,1
社会工作者,1
下放,1
封建王朝,1
嫌弃,1
补种,1
没收,1
瞎指挥,1
注入,1
无能为力,1
首席专家,1
义务,1
国务,1
撞个满怀,1
笃定,1
趋势,1
眼前一亮,1
一品,1
十四,1
摆盘,1
这局,1
果敢,1
余张,1
磨砺,1
理论,1
终究,1
悲好,1
大河,1
力量感,1
吸睛,1
理论家,1
潜力,1
偏小,1
世俗,1
韩国,1
不破,1
赫然,1
四万,1
开封市,1
带得,1
便捷,1
清明,1
蜜柑,1
密度,1
践行,1
秀看,1
本科生,1
Hello,1
大疆,1
太强,1
精确,1
射手,1
生活节奏,1
雷达,1
全国人大常委会,1
回溯,1
栽培,1
臀腿,1
免费送,1
偷走,1
若要,1
入库,1
殴打,1
切切实实,1
上闹,1
关怀,1
手下,1
能源,1
得花,1
丑萌,1
浴室,1
承担,1
发觉,1
吸走,1
加糖,1
泰兴市,1
讨好,1
实时,1
兵变,1
抱妹,1
德华,1
别骑,1
顾忌,1
大幅,1
其他人,1
酗九,1
冒充,1
咨询,1
大阳线,1
自负,1
演念,1
救下,1
想念,1
小店,1
境地,1
带有,1
出场,1
功利,1
道路,1
点击,1
差生,1
照管,1
植物,1
搜剧,1
憋住,1
摔跤,1
晨检后,1
盐碱地,1
已达,1
越气,1
勿忘,1
洗头,1
服务员,1
中级,1
省会,1
伪造,1
向下,1
抽个,1
一票,1
离心力,1
养眼,1
沈佳润,1
心头,1
每周,1
社团,1
时谢,1
不请,1
乐呵下,1
播报,1
闷声,1
我意,1
强化,1
两人于,1
徒弟,1
咬牙,1
画向,1
战略,1
繁花,1
中银,1
参训,1
求婚,1
附着,1
市委,1
重申,1
coser,1
牛批,1
数学题,1
站岗,1
再娶,1
翻过,1
险峻,1
桂香,1
话剧,1
功能定位,1
老铁们,1
绮丽,1
葱花,1
分数,1
说阳康,1
龙岩市,1
吹毛求疵,1
草案,1
牵扯,1
后区,1
意犹未尽,1
退休,1
人事,1
钟丽缇,1
顺平县,1
劳动法,1
焕发,1
变枪,1
没练,1
我要,1
现实,1
前二,1
同是,1
网店,1
杯时,1
主请,1
群里,1
澄清,1
补齐,1
枷锁,1
汪汪,1
固化,1
习惯性,1
阳光充足,1
助攻,1
注塑,1
洗菜,1
喝午,1
越往后,1
辣椒粉,1
玲玲,1
共情,1
吃水果,1
侯建,1
表决,1
七个,1
责白,1
漂越,1
小八,1
斑驳,1
罪恶,1
象征,1
长得,1
再也不会,1
眉法,1
第三十四条,1
奔腾,1
香麻,1
破音,1
包给,1
想起,1
第一批,1
几小时,1
放任,1
最扎心,1
唐玄宗,1
体育老师,1
潘展,1
驱蚊,1
几百万,1
市民,1
色系,1
集女,1
后台,1
油腻,1
土鸡,1
前倾,1
女友,1
成熟,1
第四名,1
每动,1
亮相,1
拖延,1
这图,1
冷落,1
咖的,1
一百遍,1
终审,1
心慈手软,1
每条,1
讲课,1
回忆起,1
私人,1
这两台,1
玩完,1
一分钟,1
保罗,1
逃婚,1
绿茶,1
后用,1
府第,1
网络平台,1
娃儿,1
穷小子,1
西藏高原,1
过仙,1
黄乐豪,1
郡主,1
撒娇,1
三四十岁,1
翻出,1
齐迹,1
东延,1
一批,1
缓慢,1
小口,1
说真的,1
嫁入,1
银杏,1
研究所,1
